month,blockchain,token,ref_code,dr_usd,source
2024-09-01,ethereum,USDS-CLE,-999999,1723.692020252446,farms
2024-09-01,ethereum,USDS-CLE,1001,6.653958418347043,farms
2024-09-01,ethereum,USDS-SKY,-999999,75116.03443617137,farms
2024-09-01,ethereum,USDS-SKY,0,4.401314091599465,farms
2024-09-01,ethereum,USDS-SKY,1001,506.19933716170937,farms
2024-09-01,ethereum,sUSDS,0,472.2880154491336,susds_susdc
2024-09-01,ethereum,sUSDS,99,5910.003512446947,susds_susdc
2024-09-01,ethereum,sUSDS,1001,89.14237483935457,susds_susdc
2024-09-01,ethereum,sUSDS,1003,123.8607127858092,susds_susdc
2024-10-01,ethereum,USDS,9001,17212.503987445747,usds_aave
2024-10-01,ethereum,USDS-CLE,-999999,9340.45841169225,farms
2024-10-01,ethereum,USDS-CLE,1001,163.56719880239172,farms
2024-10-01,ethereum,USDS-CLE,1002,0.1400792750918087,farms
2024-10-01,ethereum,USDS-SKY,-999999,181366.6355993637,farms
2024-10-01,ethereum,USDS-SKY,0,11.20373700480873,farms
2024-10-01,ethereum,USDS-SKY,1001,20601.776242138178,farms
2024-10-01,ethereum,USDS-SKY,1002,0.013796313200324,farms
2024-10-01,ethereum,USDS-SKY,1007,899.04910480087,farms
2024-10-01,ethereum,USDS-SKY,13425,0.0327135538798562,farms
2024-10-01,ethereum,sUSDS,0,8128.412628040729,susds_susdc
2024-10-01,ethereum,sUSDS,99,245389.3370532732,susds_susdc
2024-10-01,ethereum,sUSDS,128,176.867432612673,susds_susdc
2024-10-01,ethereum,sUSDS,303,0.0010247124488725,susds_susdc
2024-10-01,ethereum,sUSDS,1001,2900.577229412233,susds_susdc
2024-10-01,ethereum,sUSDS,1002,807.5958288356111,susds_susdc
2024-10-01,ethereum,sUSDS,1003,2303.515628459741,susds_susdc
2024-10-01,ethereum,sUSDS,13425,0.1431066418942096,susds_susdc
2024-11-01,base,sUSDS,99,2149.5018250069875,psm3
2024-11-01,base,sUSDS,128,55.8942883229365,psm3
2024-11-01,base,sUSDS,10000,0.00021682643606813526,psm3
2024-11-01,ethereum,USDS,9001,42919.37731023791,usds_aave
2024-11-01,ethereum,USDS-CLE,-999999,8895.985037401833,farms
2024-11-01,ethereum,USDS-CLE,128,6.722661370795936,farms
2024-11-01,ethereum,USDS-CLE,1001,214.3568884368793,farms
2024-11-01,ethereum,USDS-CLE,1002,4.427002206042776,farms
2024-11-01,ethereum,USDS-SKY,-999999,148973.66017993924,farms
2024-11-01,ethereum,USDS-SKY,128,369.4639675954214,farms
2024-11-01,ethereum,USDS-SKY,303,1.6662014137186445,farms
2024-11-01,ethereum,USDS-SKY,1001,14895.28763199895,farms
2024-11-01,ethereum,USDS-SKY,1002,14.23506439370786,farms
2024-11-01,ethereum,USDS-SKY,1007,2845.0346832177606,farms
2024-11-01,ethereum,sUSDS,0,9481.584460882188,susds_susdc
2024-11-01,ethereum,sUSDS,99,175754.59205284415,susds_susdc
2024-11-01,ethereum,sUSDS,128,11632.173071984384,susds_susdc
2024-11-01,ethereum,sUSDS,303,0.001977572486015,susds_susdc
2024-11-01,ethereum,sUSDS,1001,7092.596771291363,susds_susdc
2024-11-01,ethereum,sUSDS,1002,1255.4545788614716,susds_susdc
2024-11-01,ethereum,sUSDS,1003,5561.847535609686,susds_susdc
2024-11-01,ethereum,sUSDS,1004,0.0322926319932939,susds_susdc
2024-11-01,ethereum,sUSDS,13425,0.1761224427674841,susds_susdc
2024-12-01,base,sUSDS,1,0.0003645113459576804,psm3
2024-12-01,base,sUSDS,99,49083.48438506656,psm3
2024-12-01,base,sUSDS,128,1004.6069104416248,psm3
2024-12-01,base,sUSDS,10000,0.0422128438871657,psm3
2024-12-01,ethereum,USDS,9001,12845.313353232148,usds_aave
2024-12-01,ethereum,USDS-CLE,-999999,6963.367239195586,farms
2024-12-01,ethereum,USDS-CLE,128,628.8560548208872,farms
2024-12-01,ethereum,USDS-CLE,1001,278.3124259335723,farms
2024-12-01,ethereum,USDS-CLE,1002,3.4252046956058426,farms
2024-12-01,ethereum,USDS-SKY,-999999,109451.2310819233,farms
2024-12-01,ethereum,USDS-SKY,0,2.4625031095031336e-06,farms
2024-12-01,ethereum,USDS-SKY,128,40671.55539960491,farms
2024-12-01,ethereum,USDS-SKY,303,41.46918041082516,farms
2024-12-01,ethereum,USDS-SKY,1001,6050.851426438129,farms
2024-12-01,ethereum,USDS-SKY,1002,457.150222626472,farms
2024-12-01,ethereum,USDS-SKY,1007,2651.2709262171443,farms
2024-12-01,ethereum,sUSDS,0,11403.366747674694,susds_susdc
2024-12-01,ethereum,sUSDS,99,223619.11211114735,susds_susdc
2024-12-01,ethereum,sUSDS,128,12459.639948301863,susds_susdc
2024-12-01,ethereum,sUSDS,303,0.0020591907759459,susds_susdc
2024-12-01,ethereum,sUSDS,1001,9406.192104460111,susds_susdc
2024-12-01,ethereum,sUSDS,1002,1126.5717760170342,susds_susdc
2024-12-01,ethereum,sUSDS,1003,10601.852982755388,susds_susdc
2024-12-01,ethereum,sUSDS,1004,522.5669524273511,susds_susdc
2024-12-01,ethereum,sUSDS,13425,0.1833913609481262,susds_susdc
2025-01-01,base,sUSDS,1,469.17227031033786,psm3
2025-01-01,base,sUSDS,2,4.1780341915700136e-19,psm3
2025-01-01,base,sUSDS,99,45595.58933420588,psm3
2025-01-01,base,sUSDS,128,4588.381759100741,psm3
2025-01-01,base,sUSDS,1015,5.8256016464831415,psm3
2025-01-01,base,sUSDS,10000,1.2189676580740632,psm3
2025-01-01,ethereum,USDS,9001,67997.23115005052,usds_aave
2025-01-01,ethereum,USDS-CLE,-999999,6361.505496770977,farms
2025-01-01,ethereum,USDS-CLE,0,118.43555734407263,farms
2025-01-01,ethereum,USDS-CLE,1,46.59510060761275,farms
2025-01-01,ethereum,USDS-CLE,128,1401.7409901227334,farms
2025-01-01,ethereum,USDS-CLE,1001,309.46883586085136,farms
2025-01-01,ethereum,USDS-CLE,1002,0.6878976672831422,farms
2025-01-01,ethereum,USDS-SKY,-999999,84897.86629267623,farms
2025-01-01,ethereum,USDS-SKY,0,3524.6171423948526,farms
2025-01-01,ethereum,USDS-SKY,1,2539.2014803539228,farms
2025-01-01,ethereum,USDS-SKY,128,36788.27818245505,farms
2025-01-01,ethereum,USDS-SKY,1001,2919.5999193482626,farms
2025-01-01,ethereum,USDS-SKY,1002,5.263312136682424,farms
2025-01-01,ethereum,USDS-SKY,1007,3270.1993101177186,farms
2025-01-01,ethereum,sUSDS,0,30370.33192348101,susds_susdc
2025-01-01,ethereum,sUSDS,1,25667.268739052557,susds_susdc
2025-01-01,ethereum,sUSDS,99,477514.2626373818,susds_susdc
2025-01-01,ethereum,sUSDS,128,59167.65255278648,susds_susdc
2025-01-01,ethereum,sUSDS,303,0.0020797608237225,susds_susdc
2025-01-01,ethereum,sUSDS,1001,11674.4295665012,susds_susdc
2025-01-01,ethereum,sUSDS,1002,2491.3924521446315,susds_susdc
2025-01-01,ethereum,sUSDS,1003,19684.17126843973,susds_susdc
2025-01-01,ethereum,sUSDS,1004,1247.799401598592,susds_susdc
2025-01-01,ethereum,sUSDS,1015,7.058758855491912,susds_susdc
2025-01-01,ethereum,sUSDS,13425,0.185223327709338,susds_susdc
2025-02-01,arbitrum,sUSDS,99,7234.4888124699,psm3
2025-02-01,base,sUSDS,1,4723.919137129457,psm3
2025-02-01,base,sUSDS,99,34828.86082775225,psm3
2025-02-01,base,sUSDS,128,13692.307203797458,psm3
2025-02-01,base,sUSDS,171,1.0127386167872104e-05,psm3
2025-02-01,base,sUSDS,1015,174.74629773115572,psm3
2025-02-01,base,sUSDS,10000,60.32258043815073,psm3
2025-02-01,ethereum,USDS,9001,167617.09282154223,usds_aave
2025-02-01,ethereum,USDS-CLE,-999999,4467.282890074432,farms
2025-02-01,ethereum,USDS-CLE,0,13.692982902488524,farms
2025-02-01,ethereum,USDS-CLE,1,706.7903577216374,farms
2025-02-01,ethereum,USDS-CLE,128,1215.086178772113,farms
2025-02-01,ethereum,USDS-CLE,1001,181.8525175342592,farms
2025-02-01,ethereum,USDS-CLE,1002,0.1693945437369074,farms
2025-02-01,ethereum,USDS-SKY,-999999,27842.18968260189,farms
2025-02-01,ethereum,USDS-SKY,0,3972.354163381989,farms
2025-02-01,ethereum,USDS-SKY,1,32015.58823050835,farms
2025-02-01,ethereum,USDS-SKY,128,51210.91710912691,farms
2025-02-01,ethereum,USDS-SKY,1001,1620.303553339232,farms
2025-02-01,ethereum,USDS-SKY,1002,312.24113229912103,farms
2025-02-01,ethereum,USDS-SKY,1007,2063.673951053372,farms
2025-02-01,ethereum,sUSDS,0,15718.85356955648,susds_susdc
2025-02-01,ethereum,sUSDS,1,61922.40043987196,susds_susdc
2025-02-01,ethereum,sUSDS,99,1062347.625907902,susds_susdc
2025-02-01,ethereum,sUSDS,128,134353.45693198105,susds_susdc
2025-02-01,ethereum,sUSDS,303,0.0018952912675808,susds_susdc
2025-02-01,ethereum,sUSDS,1001,9750.021033044412,susds_susdc
2025-02-01,ethereum,sUSDS,1002,1878.0177553712144,susds_susdc
2025-02-01,ethereum,sUSDS,1003,35678.96909762169,susds_susdc
2025-02-01,ethereum,sUSDS,1004,1444.6180795212215,susds_susdc
2025-02-01,ethereum,sUSDS,1015,43.30769383460287,susds_susdc
2025-02-01,ethereum,sUSDS,13425,0.1687944842289215,susds_susdc
2025-03-01,arbitrum,sUSDC,127,0.842204262049027,susds_susdc
2025-03-01,arbitrum,sUSDC,128,1280.202542539466,susds_susdc
2025-03-01,arbitrum,sUSDS,1,535.9419288652738,psm3
2025-03-01,arbitrum,sUSDS,2,5.584834287816193e-20,psm3
2025-03-01,arbitrum,sUSDS,99,46258.95139092278,psm3
2025-03-01,arbitrum,sUSDS,128,2772.4202636105715,psm3
2025-03-01,arbitrum,sUSDS,10000,135.302884833431,psm3
2025-03-01,arbitrum,sUSDS,10001,1281.0447468015143,psm3
2025-03-01,base,sUSDC,127,0.0983876590680657,susds_susdc
2025-03-01,base,sUSDC,128,760.0621935077801,susds_susdc
2025-03-01,base,sUSDC,1017,1.9467889371851848,susds_susdc
2025-03-01,base,sUSDS,1,1855.6145137912679,psm3
2025-03-01,base,sUSDS,2,1.40580310939133e-24,psm3
2025-03-01,base,sUSDS,99,79150.13848131127,psm3
2025-03-01,base,sUSDS,128,12214.748847031722,psm3
2025-03-01,base,sUSDS,171,0.00011751553632520498,psm3
2025-03-01,base,sUSDS,1004,6.0127630339964386e-21,psm3
2025-03-01,base,sUSDS,1015,145.04847102687773,psm3
2025-03-01,base,sUSDS,3333,0.10689030195678371,psm3
2025-03-01,base,sUSDS,10000,708.4602193788634,psm3
2025-03-01,base,sUSDS,10001,762.1073701040328,psm3
2025-03-01,ethereum,USDS,9001,193802.05247751807,usds_aave
2025-03-01,ethereum,USDS-CLE,-999999,4218.210859257117,farms
2025-03-01,ethereum,USDS-CLE,0,0.0005080705250888,farms
2025-03-01,ethereum,USDS-CLE,1,3579.558995496219,farms
2025-03-01,ethereum,USDS-CLE,128,1841.8882016263665,farms
2025-03-01,ethereum,USDS-CLE,1001,353.82134315493704,farms
2025-03-01,ethereum,USDS-SKY,-999999,25897.554620375216,farms
2025-03-01,ethereum,USDS-SKY,0,4539.83496542037,farms
2025-03-01,ethereum,USDS-SKY,1,120139.26551698535,farms
2025-03-01,ethereum,USDS-SKY,128,66570.787179849,farms
2025-03-01,ethereum,USDS-SKY,1001,1393.1594143820623,farms
2025-03-01,ethereum,USDS-SKY,1002,309.61740811665953,farms
2025-03-01,ethereum,USDS-SKY,1007,3835.8301775281047,farms
2025-03-01,ethereum,sUSDC,127,0.0004332623760826,susds_susdc
2025-03-01,ethereum,sUSDC,128,5384.591074160916,susds_susdc
2025-03-01,ethereum,sUSDC,1017,0.0008573564776837,susds_susdc
2025-03-01,ethereum,sUSDS,0,5426.408538662029,susds_susdc
2025-03-01,ethereum,sUSDS,1,36310.22757197527,susds_susdc
2025-03-01,ethereum,sUSDS,99,1355669.0893590408,susds_susdc
2025-03-01,ethereum,sUSDS,128,196417.75837413516,susds_susdc
2025-03-01,ethereum,sUSDS,303,0.0021103919572587,susds_susdc
2025-03-01,ethereum,sUSDS,1001,6110.376840399643,susds_susdc
2025-03-01,ethereum,sUSDS,1002,2211.899749664855,susds_susdc
2025-03-01,ethereum,sUSDS,1003,45665.240847742105,susds_susdc
2025-03-01,ethereum,sUSDS,1004,1754.3513075988906,susds_susdc
2025-03-01,ethereum,sUSDS,1015,39.54908514910597,susds_susdc
2025-03-01,ethereum,sUSDS,13425,0.1879513339398397,susds_susdc
2025-04-01,arbitrum,sUSDC,127,1.49021923790058,susds_susdc
2025-04-01,arbitrum,sUSDC,128,3393.1074815328666,susds_susdc
2025-04-01,arbitrum,sUSDC,1004,3.160489878453467,susds_susdc
2025-04-01,arbitrum,sUSDC,1017,0.0215408837834676,susds_susdc
2025-04-01,arbitrum,sUSDS,1,861.2765393717424,psm3
2025-04-01,arbitrum,sUSDS,2,1.0323935914690622e-19,psm3
2025-04-01,arbitrum,sUSDS,99,41395.63150163776,psm3
2025-04-01,arbitrum,sUSDS,128,3685.606488393508,psm3
2025-04-01,arbitrum,sUSDS,10000,202.6122484463587,psm3
2025-04-01,arbitrum,sUSDS,10001,3397.779731533002,psm3
2025-04-01,base,sUSDC,127,20.56793132129256,susds_susdc
2025-04-01,base,sUSDC,128,3274.5827969603456,susds_susdc
2025-04-01,base,sUSDC,1004,10.77182821315583,susds_susdc
2025-04-01,base,sUSDC,1017,28.558361303975463,susds_susdc
2025-04-01,base,sUSDS,1,1083.4234887484438,psm3
2025-04-01,base,sUSDS,99,83650.8119888024,psm3
2025-04-01,base,sUSDS,128,8802.12923592481,psm3
2025-04-01,base,sUSDS,171,0.00015647984739780037,psm3
2025-04-01,base,sUSDS,1015,7.563950957248515,psm3
2025-04-01,base,sUSDS,1017,0.010465716280157801,psm3
2025-04-01,base,sUSDS,3333,0.6063695725124593,psm3
2025-04-01,base,sUSDS,10000,22.793045484352444,psm3
2025-04-01,base,sUSDS,10001,3334.4809177987745,psm3
2025-04-01,ethereum,USDS,9001,178859.66360159375,usds_aave
2025-04-01,ethereum,USDS-CLE,-999999,3861.685888545296,farms
2025-04-01,ethereum,USDS-CLE,0,0.0004916811533117,farms
2025-04-01,ethereum,USDS-CLE,1,4302.1424837960685,farms
2025-04-01,ethereum,USDS-CLE,128,3236.737656454111,farms
2025-04-01,ethereum,USDS-CLE,1001,357.74642415069883,farms
2025-04-01,ethereum,USDS-SKY,-999999,24371.989009874054,farms
2025-04-01,ethereum,USDS-SKY,0,5560.125177195898,farms
2025-04-01,ethereum,USDS-SKY,1,124790.53944289176,farms
2025-04-01,ethereum,USDS-SKY,128,109613.55538433872,farms
2025-04-01,ethereum,USDS-SKY,1001,2021.8576876013112,farms
2025-04-01,ethereum,USDS-SKY,1002,7.282963996810328,farms
2025-04-01,ethereum,USDS-SKY,1007,7167.687283709623,farms
2025-04-01,ethereum,sUSDC,127,0.8400343778507113,susds_susdc
2025-04-01,ethereum,sUSDC,128,30437.8565587474,susds_susdc
2025-04-01,ethereum,sUSDC,1017,4.9804078375537015,susds_susdc
2025-04-01,ethereum,sUSDS,0,4854.184266013121,susds_susdc
2025-04-01,ethereum,sUSDS,1,31477.05031086154,susds_susdc
2025-04-01,ethereum,sUSDS,99,1114723.7482479876,susds_susdc
2025-04-01,ethereum,sUSDS,128,99368.97418350706,susds_susdc
2025-04-01,ethereum,sUSDS,303,0.002050754083659,susds_susdc
2025-04-01,ethereum,sUSDS,1001,3480.4279211150774,susds_susdc
2025-04-01,ethereum,sUSDS,1002,1660.8358635768136,susds_susdc
2025-04-01,ethereum,sUSDS,1003,46348.97837561866,susds_susdc
2025-04-01,ethereum,sUSDS,1004,2845.7489451371584,susds_susdc
2025-04-01,ethereum,sUSDS,1015,1.4912489860248831e-05,susds_susdc
2025-04-01,ethereum,sUSDS,13425,0.1826399898277502,susds_susdc
2025-05-01,arbitrum,sUSDC,127,191.7106194694881,susds_susdc
2025-05-01,arbitrum,sUSDC,128,5094.781628519368,susds_susdc
2025-05-01,arbitrum,sUSDC,182,0.0285368861046396,susds_susdc
2025-05-01,arbitrum,sUSDC,1004,8.255221971280571,susds_susdc
2025-05-01,arbitrum,sUSDC,1017,0.0049616678949913,susds_susdc
2025-05-01,arbitrum,sUSDS,1,644.4863268171068,psm3
2025-05-01,arbitrum,sUSDS,2,0.0008315622085925,psm3
2025-05-01,arbitrum,sUSDS,99,41805.0047686701,psm3
2025-05-01,arbitrum,sUSDS,128,3539.290305648989,psm3
2025-05-01,arbitrum,sUSDS,171,0.0001475168057356,psm3
2025-05-01,arbitrum,sUSDS,3333,1.0258583307678468e-06,psm3
2025-05-01,arbitrum,sUSDS,10000,99.43736620445402,psm3
2025-05-01,arbitrum,sUSDS,10001,5294.780968514139,psm3
2025-05-01,base,sUSDC,127,91.18630049702806,susds_susdc
2025-05-01,base,sUSDC,128,6161.843941140462,susds_susdc
2025-05-01,base,sUSDC,182,16.89240648858598,susds_susdc
2025-05-01,base,sUSDC,1004,37.96827176234979,susds_susdc
2025-05-01,base,sUSDC,1017,59.91703992759138,susds_susdc
2025-05-01,base,sUSDS,1,835.8668822284429,psm3
2025-05-01,base,sUSDS,2,0.00014793180264040037,psm3
2025-05-01,base,sUSDS,99,92488.09035155132,psm3
2025-05-01,base,sUSDS,128,7721.8527546524965,psm3
2025-05-01,base,sUSDS,170,8.277904076178813e-07,psm3
2025-05-01,base,sUSDS,171,0.000162443696225471,psm3
2025-05-01,base,sUSDS,1004,2.518112671649714e-19,psm3
2025-05-01,base,sUSDS,1015,7.488527513169637e-05,psm3
2025-05-01,base,sUSDS,1017,1.3820425682135233,psm3
2025-05-01,base,sUSDS,3333,0.5701352899458768,psm3
2025-05-01,base,sUSDS,9998,0.000378471775566,psm3
2025-05-01,base,sUSDS,10000,8.69013527417301,psm3
2025-05-01,base,sUSDS,10001,6367.80795981602,psm3
2025-05-01,ethereum,USDS,9001,115587.03368235884,usds_aave
2025-05-01,ethereum,USDS-CLE,-999999,3898.76243651314,farms
2025-05-01,ethereum,USDS-CLE,0,0.0005080705250888,farms
2025-05-01,ethereum,USDS-CLE,1,5162.98946754946,farms
2025-05-01,ethereum,USDS-CLE,128,4295.821187207624,farms
2025-05-01,ethereum,USDS-CLE,1001,356.0086615278406,farms
2025-05-01,ethereum,USDS-SKY,-999999,23359.284325510216,farms
2025-05-01,ethereum,USDS-SKY,0,5410.969680679666,farms
2025-05-01,ethereum,USDS-SKY,1,112970.086490626,farms
2025-05-01,ethereum,USDS-SKY,128,61050.3739183341,farms
2025-05-01,ethereum,USDS-SKY,1001,2346.0094111927565,farms
2025-05-01,ethereum,USDS-SKY,1002,3.562615943160674,farms
2025-05-01,ethereum,USDS-SKY,1007,7788.974460549154,farms
2025-05-01,ethereum,USDS-SKY,1016,0.0034430531426077,farms
2025-05-01,ethereum,sUSDC,127,185.8280816744756,susds_susdc
2025-05-01,ethereum,sUSDC,128,124877.35449738915,susds_susdc
2025-05-01,ethereum,sUSDC,1017,11.55331974385988,susds_susdc
2025-05-01,ethereum,sUSDS,0,4427.080617875751,susds_susdc
2025-05-01,ethereum,sUSDS,1,31845.36731743346,susds_susdc
2025-05-01,ethereum,sUSDS,99,831287.3395690538,susds_susdc
2025-05-01,ethereum,sUSDS,128,209131.5496940531,susds_susdc
2025-05-01,ethereum,sUSDS,183,0.0055783060017811,susds_susdc
2025-05-01,ethereum,sUSDS,303,0.0021269220151416,susds_susdc
2025-05-01,ethereum,sUSDS,1001,3748.097104692651,susds_susdc
2025-05-01,ethereum,sUSDS,1002,1932.342118423113,susds_susdc
2025-05-01,ethereum,sUSDS,1003,59831.50294472536,susds_susdc
2025-05-01,ethereum,sUSDS,1004,2087.1101057148667,susds_susdc
2025-05-01,ethereum,sUSDS,1015,1.5466361002069913e-05,susds_susdc
2025-05-01,ethereum,sUSDS,13425,0.1005324523536947,susds_susdc
2025-06-01,arbitrum,sUSDC,127,321.6822060374422,susds_susdc
2025-06-01,arbitrum,sUSDC,128,8477.639515718716,susds_susdc
2025-06-01,arbitrum,sUSDC,182,0.0460306768526937,susds_susdc
2025-06-01,arbitrum,sUSDC,1004,2.454618754215323,susds_susdc
2025-06-01,arbitrum,sUSDC,1017,0.0001998758991334,susds_susdc
2025-06-01,arbitrum,sUSDS,1,574.4445073721081,psm3
2025-06-01,arbitrum,sUSDS,99,39093.00769075138,psm3
2025-06-01,arbitrum,sUSDS,128,1346.3646720836089,psm3
2025-06-01,arbitrum,sUSDS,171,0.00026365961313,psm3
2025-06-01,arbitrum,sUSDS,1004,6.4275895191918666e-18,psm3
2025-06-01,arbitrum,sUSDS,1017,0.008328059871165,psm3
2025-06-01,arbitrum,sUSDS,3333,7.278911683318296e-05,psm3
2025-06-01,arbitrum,sUSDS,10000,93.07807095458638,psm3
2025-06-01,arbitrum,sUSDS,10001,8801.822571063125,psm3
2025-06-01,base,sUSDC,127,127.92268115593676,susds_susdc
2025-06-01,base,sUSDC,128,6074.126240473553,susds_susdc
2025-06-01,base,sUSDC,182,45.65641829087824,susds_susdc
2025-06-01,base,sUSDC,1004,0.5548754194281984,susds_susdc
2025-06-01,base,sUSDC,1017,68.12631996265638,susds_susdc
2025-06-01,base,sUSDS,1,830.3959151164706,psm3
2025-06-01,base,sUSDS,2,2.2713635844847958e-23,psm3
2025-06-01,base,sUSDS,99,90666.88002395735,psm3
2025-06-01,base,sUSDS,128,6912.173640402559,psm3
2025-06-01,base,sUSDS,170,1.0444326487676208e-05,psm3
2025-06-01,base,sUSDS,171,0.00015804334775970002,psm3
2025-06-01,base,sUSDS,1015,123.64972214639387,psm3
2025-06-01,base,sUSDS,1017,2.2452649568939482,psm3
2025-06-01,base,sUSDS,3333,0.5145752906511855,psm3
2025-06-01,base,sUSDS,9998,0.0024646516588321963,psm3
2025-06-01,base,sUSDS,10000,5.307370435248959,psm3
2025-06-01,base,sUSDS,10001,6316.38653530244,psm3
2025-06-01,ethereum,USDS,9001,31496.935971037863,usds_aave
2025-06-01,ethereum,USDS-CLE,-999999,3475.1182448849345,farms
2025-06-01,ethereum,USDS-CLE,0,0.0004916811533117,farms
2025-06-01,ethereum,USDS-CLE,1,5320.316723974895,farms
2025-06-01,ethereum,USDS-CLE,128,5271.620563464093,farms
2025-06-01,ethereum,USDS-CLE,1001,322.65192358719383,farms
2025-06-01,ethereum,USDS-SKY,-999999,17346.651770641412,farms
2025-06-01,ethereum,USDS-SKY,0,6411.146737140765,farms
2025-06-01,ethereum,USDS-SKY,1,102638.2171554632,farms
2025-06-01,ethereum,USDS-SKY,128,66019.36284585255,farms
2025-06-01,ethereum,USDS-SKY,1001,1917.9245730523485,farms
2025-06-01,ethereum,USDS-SKY,1002,2.3191931387379934,farms
2025-06-01,ethereum,USDS-SKY,1007,17009.94767724003,farms
2025-06-01,ethereum,USDS-SKY,1016,6.020561513788106e-05,farms
2025-06-01,ethereum,USDS-SPK,-999999,182.2250906234949,farms
2025-06-01,ethereum,USDS-SPK,0,0.0001945347731801,farms
2025-06-01,ethereum,USDS-SPK,1,975.9058319672388,farms
2025-06-01,ethereum,USDS-SPK,128,399.9568656996653,farms
2025-06-01,ethereum,sUSDC,0,4629.502004343692,susds_susdc
2025-06-01,ethereum,sUSDC,127,840.4827416042909,susds_susdc
2025-06-01,ethereum,sUSDC,128,162063.14706995836,susds_susdc
2025-06-01,ethereum,sUSDC,1017,11.221833359168809,susds_susdc
2025-06-01,ethereum,sUSDS,0,3763.022507418088,susds_susdc
2025-06-01,ethereum,sUSDS,1,32608.93721660152,susds_susdc
2025-06-01,ethereum,sUSDS,99,781220.7913860684,susds_susdc
2025-06-01,ethereum,sUSDS,128,171947.913547963,susds_susdc
2025-06-01,ethereum,sUSDS,183,0.4447425575364484,susds_susdc
2025-06-01,ethereum,sUSDS,303,0.0020658966384577,susds_susdc
2025-06-01,ethereum,sUSDS,1001,2082.309334414224,susds_susdc
2025-06-01,ethereum,sUSDS,1002,2340.3828623952018,susds_susdc
2025-06-01,ethereum,sUSDS,1003,43126.691763364375,susds_susdc
2025-06-01,ethereum,sUSDS,1004,2009.525955868373,susds_susdc
2025-06-01,ethereum,sUSDS,1007,438.91654901332527,susds_susdc
2025-06-01,ethereum,sUSDS,1015,1.5022602133920532e-05,susds_susdc
2025-06-01,ethereum,sUSDS,13425,0.0001889072442534,susds_susdc
2025-06-01,optimism,sUSDC,127,204.52911354814364,susds_susdc
2025-06-01,optimism,sUSDC,128,21774.09365288129,susds_susdc
2025-06-01,optimism,sUSDS,1,0.0046153241761794,psm3
2025-06-01,optimism,sUSDS,99,24619.91516582575,psm3
2025-06-01,optimism,sUSDS,128,1.1409756363333834,psm3
2025-06-01,optimism,sUSDS,10000,4.1930494986088745e-06,psm3
2025-06-01,optimism,sUSDS,10001,21978.622766429376,psm3
2025-06-01,unichain,sUSDC,0,0.0853357575163669,susds_susdc
2025-06-01,unichain,sUSDC,127,5303.568183398564,susds_susdc
2025-06-01,unichain,sUSDC,128,1573.4364171230577,susds_susdc
2025-06-01,unichain,sUSDS,1,0.6158905014723963,psm3
2025-06-01,unichain,sUSDS,99,39720.31376170008,psm3
2025-06-01,unichain,sUSDS,128,2.3089207957892253,psm3
2025-06-01,unichain,sUSDS,10000,1.407163100890487e-08,psm3
2025-06-01,unichain,sUSDS,10001,6877.089936279135,psm3
2025-07-01,arbitrum,sUSDC,0,0.0010372805599828,susds_susdc
2025-07-01,arbitrum,sUSDC,127,546.947140494909,susds_susdc
2025-07-01,arbitrum,sUSDC,128,6854.536877674903,susds_susdc
2025-07-01,arbitrum,sUSDC,182,0.0071640398211575,susds_susdc
2025-07-01,arbitrum,sUSDC,1004,1.033283314692721,susds_susdc
2025-07-01,arbitrum,sUSDC,1017,0.0004758834663261,susds_susdc
2025-07-01,arbitrum,sUSDS,1,591.7783072205026,psm3
2025-07-01,arbitrum,sUSDS,2,6.774734417700987e-22,psm3
2025-07-01,arbitrum,sUSDS,99,42547.190075899445,psm3
2025-07-01,arbitrum,sUSDS,128,1115.73229291617,psm3
2025-07-01,arbitrum,sUSDS,171,0.0003085583791573,psm3
2025-07-01,arbitrum,sUSDS,1004,1.1589349469086185e-17,psm3
2025-07-01,arbitrum,sUSDS,3333,0.0001287634033555,psm3
2025-07-01,arbitrum,sUSDS,10000,105.15965066039558,psm3
2025-07-01,arbitrum,sUSDS,10001,7402.525978688307,psm3
2025-07-01,base,sUSDC,0,0.0503157198800155,susds_susdc
2025-07-01,base,sUSDC,127,176.1864907450466,susds_susdc
2025-07-01,base,sUSDC,128,5609.863511713252,susds_susdc
2025-07-01,base,sUSDC,182,2.0888580224933766,susds_susdc
2025-07-01,base,sUSDC,1004,0.1167203376104943,susds_susdc
2025-07-01,base,sUSDC,1017,96.26632739040228,susds_susdc
2025-07-01,base,sUSDS,1,775.1563998714768,psm3
2025-07-01,base,sUSDS,2,7.150227781000444e-21,psm3
2025-07-01,base,sUSDS,99,96851.61796646865,psm3
2025-07-01,base,sUSDS,128,5312.915639337096,psm3
2025-07-01,base,sUSDS,170,1.604584945623312e-05,psm3
2025-07-01,base,sUSDS,171,0.0001639132375345,psm3
2025-07-01,base,sUSDS,1004,3.0008985216605588e-21,psm3
2025-07-01,base,sUSDS,1015,7.54381900373696e-05,psm3
2025-07-01,base,sUSDS,1017,2.3288776695207485,psm3
2025-07-01,base,sUSDS,3333,0.5652361955787879,psm3
2025-07-01,base,sUSDS,9998,0.006476266916977235,psm3
2025-07-01,base,sUSDS,10000,6.647716402203299,psm3
2025-07-01,base,sUSDS,10001,5884.572223928663,psm3
2025-07-01,ethereum,USDS,9001,12743.321985037715,usds_aave
2025-07-01,ethereum,USDS-CLE,-999999,3432.9904343045314,farms
2025-07-01,ethereum,USDS-CLE,0,0.0005080705250888,farms
2025-07-01,ethereum,USDS-CLE,1,4189.404510499302,farms
2025-07-01,ethereum,USDS-CLE,128,4869.442311573267,farms
2025-07-01,ethereum,USDS-CLE,1001,333.03174127949194,farms
2025-07-01,ethereum,USDS-SKY,-999999,14825.20931182032,farms
2025-07-01,ethereum,USDS-SKY,0,2890.874700574074,farms
2025-07-01,ethereum,USDS-SKY,1,89079.95684317102,farms
2025-07-01,ethereum,USDS-SKY,128,56042.524934229456,farms
2025-07-01,ethereum,USDS-SKY,1001,1811.172946575179,farms
2025-07-01,ethereum,USDS-SKY,1002,9.861717683093907,farms
2025-07-01,ethereum,USDS-SKY,1007,11459.498213082448,farms
2025-07-01,ethereum,USDS-SKY,1016,76.64164323675116,farms
2025-07-01,ethereum,USDS-SPK,-999999,25651.73809508012,farms
2025-07-01,ethereum,USDS-SPK,0,0.0010618673974356,farms
2025-07-01,ethereum,USDS-SPK,1,72849.96362410364,farms
2025-07-01,ethereum,USDS-SPK,128,271238.73652511666,farms
2025-07-01,ethereum,USDS-SPK,1007,9730.507068834768,farms
2025-07-01,ethereum,sUSDC,0,9198.895575852415,susds_susdc
2025-07-01,ethereum,sUSDC,127,3266.444769936249,susds_susdc
2025-07-01,ethereum,sUSDC,128,128540.46915805542,susds_susdc
2025-07-01,ethereum,sUSDC,1017,11.63931430707994,susds_susdc
2025-07-01,ethereum,sUSDS,0,3370.2804722369306,susds_susdc
2025-07-01,ethereum,sUSDS,1,33590.101788488966,susds_susdc
2025-07-01,ethereum,sUSDS,99,664135.3717059382,susds_susdc
2025-07-01,ethereum,sUSDS,128,101647.55502520414,susds_susdc
2025-07-01,ethereum,sUSDS,183,7044.161386257441,susds_susdc
2025-07-01,ethereum,sUSDS,186,3.2683615018306355e-05,susds_susdc
2025-07-01,ethereum,sUSDS,303,0.0021426261289785,susds_susdc
2025-07-01,ethereum,sUSDS,1001,1909.812449115641,susds_susdc
2025-07-01,ethereum,sUSDS,1002,2873.745672303,susds_susdc
2025-07-01,ethereum,sUSDS,1003,38255.27522190421,susds_susdc
2025-07-01,ethereum,sUSDS,1004,3560.8969508766745,susds_susdc
2025-07-01,ethereum,sUSDS,1007,641.5532221354046,susds_susdc
2025-07-01,ethereum,sUSDS,1015,1.558055677045733e-05,susds_susdc
2025-07-01,ethereum,sUSDS,13425,0.0001959234503585,susds_susdc
2025-07-01,optimism,sUSDC,127,125.70784844961732,susds_susdc
2025-07-01,optimism,sUSDC,128,10156.305880735708,susds_susdc
2025-07-01,optimism,sUSDS,1,2.282163409071712,psm3
2025-07-01,optimism,sUSDS,99,40794.438102702334,psm3
2025-07-01,optimism,sUSDS,128,0.9713824220881256,psm3
2025-07-01,optimism,sUSDS,10001,10282.013729185224,psm3
2025-07-01,unichain,sUSDC,127,12718.28135013461,susds_susdc
2025-07-01,unichain,sUSDC,128,1431.46201518144,susds_susdc
2025-07-01,unichain,sUSDC,1017,0.0002650664828359,susds_susdc
2025-07-01,unichain,sUSDS,1,5.902570643632143,psm3
2025-07-01,unichain,sUSDS,99,35880.73683741421,psm3
2025-07-01,unichain,sUSDS,128,1043.322296088149,psm3
2025-07-01,unichain,sUSDS,10000,4.319026534806401e-05,psm3
2025-07-01,unichain,sUSDS,10001,14149.743630382538,psm3
2025-08-01,arbitrum,sUSDC,0,0.0033646596929585,susds_susdc
2025-08-01,arbitrum,sUSDC,127,1308.888185037351,susds_susdc
2025-08-01,arbitrum,sUSDC,128,10790.644592377725,susds_susdc
2025-08-01,arbitrum,sUSDC,182,0.0024586996436276,susds_susdc
2025-08-01,arbitrum,sUSDC,1004,0.212022885246802,susds_susdc
2025-08-01,arbitrum,sUSDS,1,477.752435715701,psm3
2025-08-01,arbitrum,sUSDS,2,5.831801141499511e-17,psm3
2025-08-01,arbitrum,sUSDS,99,38165.9437636661,psm3
2025-08-01,arbitrum,sUSDS,128,1085.40167049489,psm3
2025-08-01,arbitrum,sUSDS,171,0.0003281189286962,psm3
2025-08-01,arbitrum,sUSDS,1004,1.9299277893336533e-15,psm3
2025-08-01,arbitrum,sUSDS,1017,1.966840827403812e-06,psm3
2025-08-01,arbitrum,sUSDS,3333,0.0009907996030805,psm3
2025-08-01,arbitrum,sUSDS,10000,131.70745422394583,psm3
2025-08-01,arbitrum,sUSDS,10001,12099.750623659593,psm3
2025-08-01,base,sUSDC,0,0.033503467755671,susds_susdc
2025-08-01,base,sUSDC,127,90.76444499870358,susds_susdc
2025-08-01,base,sUSDC,128,3270.646089226212,susds_susdc
2025-08-01,base,sUSDC,182,0.143033323780547,susds_susdc
2025-08-01,base,sUSDC,1004,0.0183900677081517,susds_susdc
2025-08-01,base,sUSDC,1017,12.903598803393754,susds_susdc
2025-08-01,base,sUSDS,1,584.1816571410632,psm3
2025-08-01,base,sUSDS,2,6.59135801914853e-18,psm3
2025-08-01,base,sUSDS,99,103455.01775926612,psm3
2025-08-01,base,sUSDS,128,1846.0327655776143,psm3
2025-08-01,base,sUSDS,170,1.6107280441664415e-05,psm3
2025-08-01,base,sUSDS,171,0.0001645407737540025,psm3
2025-08-01,base,sUSDS,1004,1.02525495042305e-17,psm3
2025-08-01,base,sUSDS,1015,7.572700256585488e-05,psm3
2025-08-01,base,sUSDS,1017,2.427042217613509,psm3
2025-08-01,base,sUSDS,3333,0.7238968675093744,psm3
2025-08-01,base,sUSDS,9998,0.002487239527415142,psm3
2025-08-01,base,sUSDS,10000,7.7412164361372335,psm3
2025-08-01,base,sUSDS,10001,3374.509059887534,psm3
2025-08-01,ethereum,USDS,9001,7874.470930678425,usds_aave
2025-08-01,ethereum,USDS-CLE,-999999,3003.4071595807677,farms
2025-08-01,ethereum,USDS-CLE,0,0.0005080705250888,farms
2025-08-01,ethereum,USDS-CLE,1,4210.472153134069,farms
2025-08-01,ethereum,USDS-CLE,128,4128.214765819761,farms
2025-08-01,ethereum,USDS-CLE,1001,369.00464447024433,farms
2025-08-01,ethereum,USDS-CLE,1002,0.2013832490839686,farms
2025-08-01,ethereum,USDS-SKY,-999999,13868.56664611078,farms
2025-08-01,ethereum,USDS-SKY,0,1773.404118557066,farms
2025-08-01,ethereum,USDS-SKY,1,45345.64020189439,farms
2025-08-01,ethereum,USDS-SKY,128,44829.79437431655,farms
2025-08-01,ethereum,USDS-SKY,1001,2788.3814089954844,farms
2025-08-01,ethereum,USDS-SKY,1002,35.42237260029617,farms
2025-08-01,ethereum,USDS-SKY,1007,5825.295281274688,farms
2025-08-01,ethereum,USDS-SKY,1016,143.36146408206565,farms
2025-08-01,ethereum,USDS-SPK,-999999,25559.71265035364,farms
2025-08-01,ethereum,USDS-SPK,0,0.0010618673974356,farms
2025-08-01,ethereum,USDS-SPK,1,72140.53933635172,farms
2025-08-01,ethereum,USDS-SPK,128,609129.4596097501,farms
2025-08-01,ethereum,USDS-SPK,1007,15421.475084265056,farms
2025-08-01,ethereum,sUSDC,0,15869.134978256468,susds_susdc
2025-08-01,ethereum,sUSDC,10,1.5025358710190685e-07,susds_susdc
2025-08-01,ethereum,sUSDC,127,2432.2878002922776,susds_susdc
2025-08-01,ethereum,sUSDC,128,149413.87537818326,susds_susdc
2025-08-01,ethereum,sUSDC,186,0.0007260285232978,susds_susdc
2025-08-01,ethereum,sUSDC,188,6283.608903390234,susds_susdc
2025-08-01,ethereum,sUSDC,190,0.0001567260308098,susds_susdc
2025-08-01,ethereum,sUSDC,1017,11.686676354772713,susds_susdc
2025-08-01,ethereum,sUSDS,0,2745.1791005316672,susds_susdc
2025-08-01,ethereum,sUSDS,1,33169.94151447942,susds_susdc
2025-08-01,ethereum,sUSDS,99,556668.8685491061,susds_susdc
2025-08-01,ethereum,sUSDS,128,110250.92315823009,susds_susdc
2025-08-01,ethereum,sUSDS,183,18451.035859844287,susds_susdc
2025-08-01,ethereum,sUSDS,186,0.0177999766632638,susds_susdc
2025-08-01,ethereum,sUSDS,303,0.0021508290997762,susds_susdc
2025-08-01,ethereum,sUSDS,1001,1734.505124372024,susds_susdc
2025-08-01,ethereum,sUSDS,1002,4481.3161437833005,susds_susdc
2025-08-01,ethereum,sUSDS,1003,33418.77986153731,susds_susdc
2025-08-01,ethereum,sUSDS,1004,1961.3726300082585,susds_susdc
2025-08-01,ethereum,sUSDS,1007,188.1571656798052,susds_susdc
2025-08-01,ethereum,sUSDS,1015,1.5640206398767014e-05,susds_susdc
2025-08-01,ethereum,sUSDS,13425,0.0001966735365822,susds_susdc
2025-08-01,optimism,sUSDC,127,6.242705491641331,susds_susdc
2025-08-01,optimism,sUSDC,128,16886.92716570915,susds_susdc
2025-08-01,optimism,sUSDS,1,1.189100640306469,psm3
2025-08-01,optimism,sUSDS,99,34379.54624641186,psm3
2025-08-01,optimism,sUSDS,128,1.3570339576797774,psm3
2025-08-01,optimism,sUSDS,10000,2.920788584291913e-05,psm3
2025-08-01,optimism,sUSDS,10001,16893.169871200695,psm3
2025-08-01,unichain,sUSDC,127,10105.416282806103,susds_susdc
2025-08-01,unichain,sUSDC,128,6299.070675561159,susds_susdc
2025-08-01,unichain,sUSDS,1,1.211502249314148,psm3
2025-08-01,unichain,sUSDS,99,34869.18880342832,psm3
2025-08-01,unichain,sUSDS,128,0.3749370605150853,psm3
2025-08-01,unichain,sUSDS,10000,8.031328611699109e-05,psm3
2025-08-01,unichain,sUSDS,10001,16404.48695836731,psm3
2025-09-01,arbitrum,sUSDC,0,1.5377694592366014e-05,susds_susdc
2025-09-01,arbitrum,sUSDC,127,1734.9126090688112,susds_susdc
2025-09-01,arbitrum,sUSDC,128,15971.189784778371,susds_susdc
2025-09-01,arbitrum,sUSDC,182,9.091185958195302e-06,susds_susdc
2025-09-01,arbitrum,sUSDC,190,0.0034834234292547,susds_susdc
2025-09-01,arbitrum,sUSDC,196,0.0056517307616829,susds_susdc
2025-09-01,arbitrum,sUSDC,1004,0.205980402855844,susds_susdc
2025-09-01,arbitrum,sUSDS,1,383.519953804252,psm3
2025-09-01,arbitrum,sUSDS,2,6.7334541389366175e-16,psm3
2025-09-01,arbitrum,sUSDS,99,31613.01519578793,psm3
2025-09-01,arbitrum,sUSDS,128,688.2312833084056,psm3
2025-09-01,arbitrum,sUSDS,171,0.0003187678020644,psm3
2025-09-01,arbitrum,sUSDS,1004,7.240885266822685e-15,psm3
2025-09-01,arbitrum,sUSDS,3333,0.0015630513725829,psm3
2025-09-01,arbitrum,sUSDS,10000,88.6371603232877,psm3
2025-09-01,arbitrum,sUSDS,10001,17706.31753387305,psm3
2025-09-01,base,sUSDC,0,0.0313930272988448,susds_susdc
2025-09-01,base,sUSDC,127,59.6506750842611,susds_susdc
2025-09-01,base,sUSDC,128,3613.404106692813,susds_susdc
2025-09-01,base,sUSDC,182,0.0401180648307619,susds_susdc
2025-09-01,base,sUSDC,1004,0.015101925993673,susds_susdc
2025-09-01,base,sUSDC,1017,12.535855715643851,susds_susdc
2025-09-01,base,sUSDS,1,529.8437473048773,psm3
2025-09-01,base,sUSDS,2,3.473282371518363e-11,psm3
2025-09-01,base,sUSDS,99,100442.77750853053,psm3
2025-09-01,base,sUSDS,128,1500.8680996206188,psm3
2025-09-01,base,sUSDS,170,1.5648235851634968e-05,psm3
2025-09-01,base,sUSDS,171,0.00015985149350560045,psm3
2025-09-01,base,sUSDS,1004,8.789051289500613e-22,psm3
2025-09-01,base,sUSDS,1015,7.356884365300181e-05,psm3
2025-09-01,base,sUSDS,1017,3.336555385872372,psm3
2025-09-01,base,sUSDS,3333,0.6680215593996057,psm3
2025-09-01,base,sUSDS,9998,3.791455669117523,psm3
2025-09-01,base,sUSDS,10000,11.924141155081736,psm3
2025-09-01,base,sUSDS,10001,3685.677250510823,psm3
2025-09-01,ethereum,USDS,9001,10344.292531152943,usds_aave
2025-09-01,ethereum,USDS-CLE,-999999,993.1211996278436,farms
2025-09-01,ethereum,USDS-CLE,0,0.0004916811533117,farms
2025-09-01,ethereum,USDS-CLE,1,2881.146774974636,farms
2025-09-01,ethereum,USDS-CLE,128,5867.68496365618,farms
2025-09-01,ethereum,USDS-CLE,1001,394.5735318687782,farms
2025-09-01,ethereum,USDS-CLE,1002,0.7376665365948624,farms
2025-09-01,ethereum,USDS-SKY,-999999,11976.462017914975,farms
2025-09-01,ethereum,USDS-SKY,0,3141.946773080427,farms
2025-09-01,ethereum,USDS-SKY,1,47740.6665418796,farms
2025-09-01,ethereum,USDS-SKY,128,43343.62328143249,farms
2025-09-01,ethereum,USDS-SKY,1001,2475.032359982005,farms
2025-09-01,ethereum,USDS-SKY,1002,1.475653706053165,farms
2025-09-01,ethereum,USDS-SKY,1007,3092.011012027047,farms
2025-09-01,ethereum,USDS-SPK,-999999,13171.135908265447,farms
2025-09-01,ethereum,USDS-SPK,0,0.0014587430536138,farms
2025-09-01,ethereum,USDS-SPK,1,15732.0010002784,farms
2025-09-01,ethereum,USDS-SPK,128,548848.4853684695,farms
2025-09-01,ethereum,USDS-SPK,1007,9186.82408705862,farms
2025-09-01,ethereum,sUSDC,0,6073.459399367597,susds_susdc
2025-09-01,ethereum,sUSDC,127,1508.4950369256592,susds_susdc
2025-09-01,ethereum,sUSDC,128,177208.5799730231,susds_susdc
2025-09-01,ethereum,sUSDC,186,29.863909280213356,susds_susdc
2025-09-01,ethereum,sUSDC,188,16471.817697438262,susds_susdc
2025-09-01,ethereum,sUSDC,190,0.005072990300895,susds_susdc
2025-09-01,ethereum,sUSDC,195,956.1961056846184,susds_susdc
2025-09-01,ethereum,sUSDC,1017,11.3536154401439,susds_susdc
2025-09-01,ethereum,sUSDS,0,2553.186819307763,susds_susdc
2025-09-01,ethereum,sUSDS,1,61542.59007593528,susds_susdc
2025-09-01,ethereum,sUSDS,99,569289.9894108308,susds_susdc
2025-09-01,ethereum,sUSDS,128,117288.56080211184,susds_susdc
2025-09-01,ethereum,sUSDS,183,17635.191003088406,susds_susdc
2025-09-01,ethereum,sUSDS,186,0.0425987769952068,susds_susdc
2025-09-01,ethereum,sUSDS,303,0.0020895321933304,susds_susdc
2025-09-01,ethereum,sUSDS,1001,1519.7275451306125,susds_susdc
2025-09-01,ethereum,sUSDS,1002,4504.391127187302,susds_susdc
2025-09-01,ethereum,sUSDS,1003,41363.49889010546,susds_susdc
2025-09-01,ethereum,sUSDS,1004,2407.6054634324178,susds_susdc
2025-09-01,ethereum,sUSDS,1007,750.8835034204911,susds_susdc
2025-09-01,ethereum,sUSDS,1015,1.519447304481567e-05,susds_susdc
2025-09-01,ethereum,sUSDS,13425,0.0001910684983327,susds_susdc
2025-09-01,optimism,sUSDC,127,9.38391743651062,susds_susdc
2025-09-01,optimism,sUSDC,128,30174.84780892159,susds_susdc
2025-09-01,optimism,sUSDS,1,15.58560539938212,psm3
2025-09-01,optimism,sUSDS,99,19613.04381162408,psm3
2025-09-01,optimism,sUSDS,128,1.4238988707241365,psm3
2025-09-01,optimism,sUSDS,10000,4.03060474018254e-05,psm3
2025-09-01,optimism,sUSDS,10001,30184.231726358,psm3
2025-09-01,unichain,sUSDC,0,4.986166034507806e-16,susds_susdc
2025-09-01,unichain,sUSDC,127,2483.855087745783,susds_susdc
2025-09-01,unichain,sUSDC,128,12663.492827046532,susds_susdc
2025-09-01,unichain,sUSDC,1017,0.000496483865224,susds_susdc
2025-09-01,unichain,sUSDS,1,0.8835414079367934,psm3
2025-09-01,unichain,sUSDS,99,34665.370959328255,psm3
2025-09-01,unichain,sUSDS,128,0.3554678649554145,psm3
2025-09-01,unichain,sUSDS,10001,15147.348411276122,psm3
2025-10-01,arbitrum,sUSDC,0,0.0014016901044888,susds_susdc
2025-10-01,arbitrum,sUSDC,127,786.4253170020962,susds_susdc
2025-10-01,arbitrum,sUSDC,128,27577.803228740053,susds_susdc
2025-10-01,arbitrum,sUSDC,182,9.430702306297856e-06,susds_susdc
2025-10-01,arbitrum,sUSDC,190,0.0040868059256024,susds_susdc
2025-10-01,arbitrum,sUSDC,194,15.768267896283731,susds_susdc
2025-10-01,arbitrum,sUSDC,196,0.0206022761289719,susds_susdc
2025-10-01,arbitrum,sUSDC,1004,0.0116482296956279,susds_susdc
2025-10-01,arbitrum,sUSDC,1017,10.191870712698677,susds_susdc
2025-10-01,arbitrum,sUSDS,1,727.0902319084746,psm3
2025-10-01,arbitrum,sUSDS,2,4.419829757535832e-15,psm3
2025-10-01,arbitrum,sUSDS,99,22463.585364207804,psm3
2025-10-01,arbitrum,sUSDS,128,739.622508364217,psm3
2025-10-01,arbitrum,sUSDS,171,0.0003306723963107,psm3
2025-10-01,arbitrum,sUSDS,1004,7.923943674873588e-15,psm3
2025-10-01,arbitrum,sUSDS,3333,0.0016557466128157,psm3
2025-10-01,arbitrum,sUSDS,10000,44.39510376581821,psm3
2025-10-01,arbitrum,sUSDS,10001,28390.226432783613,psm3
2025-10-01,avalanche_c,spUSDC,128,0.0,sp
2025-10-01,avalanche_c,spUSDC,131,0.0,sp
2025-10-01,avalanche_c,spUSDC,198,0.0,sp
2025-10-01,base,sUSDC,0,0.0355888468680336,susds_susdc
2025-10-01,base,sUSDC,127,63.79734233709229,susds_susdc
2025-10-01,base,sUSDC,128,2905.278594908257,susds_susdc
2025-10-01,base,sUSDC,182,0.0402643080843145,susds_susdc
2025-10-01,base,sUSDC,190,0.0001408555397458,susds_susdc
2025-10-01,base,sUSDC,194,0.768709997558508,susds_susdc
2025-10-01,base,sUSDC,1004,0.0143150212088177,susds_susdc
2025-10-01,base,sUSDC,1017,13.004015532469422,susds_susdc
2025-10-01,base,sUSDS,1,366.33137516523203,psm3
2025-10-01,base,sUSDS,2,2.1680131008333865e-22,psm3
2025-10-01,base,sUSDS,99,105785.60607051932,psm3
2025-10-01,base,sUSDS,128,1083.7149807874848,psm3
2025-10-01,base,sUSDS,170,1.6232629561655303e-05,psm3
2025-10-01,base,sUSDS,171,0.0007463886799361034,psm3
2025-10-01,base,sUSDS,1004,8.22599146750377e-17,psm3
2025-10-01,base,sUSDS,1015,7.631632074191544e-05,psm3
2025-10-01,base,sUSDS,1017,3.466085044381475,psm3
2025-10-01,base,sUSDS,3333,1.0554072276893303,psm3
2025-10-01,base,sUSDS,9998,0.0010495162083290622,psm3
2025-10-01,base,sUSDS,10000,9.336204907355727,psm3
2025-10-01,base,sUSDS,10001,2982.9389718070597,psm3
2025-10-01,ethereum,USDS,9001,15618.56902285663,usds_aave
2025-10-01,ethereum,USDS-CLE,-999999,1837.3868721759748,farms
2025-10-01,ethereum,USDS-CLE,0,0.0005080705250888,farms
2025-10-01,ethereum,USDS-CLE,1,6856.119280847898,farms
2025-10-01,ethereum,USDS-CLE,128,7081.253195360299,farms
2025-10-01,ethereum,USDS-CLE,1001,460.54510384416017,farms
2025-10-01,ethereum,USDS-CLE,1002,0.7751464435710194,farms
2025-10-01,ethereum,USDS-SKY,-999999,11049.74297315168,farms
2025-10-01,ethereum,USDS-SKY,0,2492.176956064977,farms
2025-10-01,ethereum,USDS-SKY,1,48216.00590768282,farms
2025-10-01,ethereum,USDS-SKY,128,24647.02324533146,farms
2025-10-01,ethereum,USDS-SKY,1001,1353.1983901075664,farms
2025-10-01,ethereum,USDS-SKY,1002,1.5286037156247418,farms
2025-10-01,ethereum,USDS-SKY,1007,1258.2885492999576,farms
2025-10-01,ethereum,USDS-SPK,-999999,4351.436152677302,farms
2025-10-01,ethereum,USDS-SPK,0,0.0015699379225244,farms
2025-10-01,ethereum,USDS-SPK,1,13130.821950005093,farms
2025-10-01,ethereum,USDS-SPK,128,421245.2309106297,farms
2025-10-01,ethereum,USDS-SPK,1007,8494.290257053635,farms
2025-10-01,ethereum,sUSDC,0,3854.2173317588513,susds_susdc
2025-10-01,ethereum,sUSDC,127,1326.044627074162,susds_susdc
2025-10-01,ethereum,sUSDC,128,346934.2467054584,susds_susdc
2025-10-01,ethereum,sUSDC,186,24.846869520973403,susds_susdc
2025-10-01,ethereum,sUSDC,188,16943.148602180314,susds_susdc
2025-10-01,ethereum,sUSDC,190,0.0056227573806462,susds_susdc
2025-10-01,ethereum,sUSDC,194,3.320503428567542,susds_susdc
2025-10-01,ethereum,sUSDC,195,3175.459194952093,susds_susdc
2025-10-01,ethereum,sUSDC,1017,17.69246135690721,susds_susdc
2025-10-01,ethereum,sUSDS,0,2371.2345111208306,susds_susdc
2025-10-01,ethereum,sUSDS,1,80360.67186223349,susds_susdc
2025-10-01,ethereum,sUSDS,99,686402.7446396749,susds_susdc
2025-10-01,ethereum,sUSDS,128,165998.85564800666,susds_susdc
2025-10-01,ethereum,sUSDS,183,17336.56273064542,susds_susdc
2025-10-01,ethereum,sUSDS,186,0.0194166628966083,susds_susdc
2025-10-01,ethereum,sUSDS,303,0.0021675671540918,susds_susdc
2025-10-01,ethereum,sUSDS,1001,1426.5518565455518,susds_susdc
2025-10-01,ethereum,sUSDS,1002,4570.010424431706,susds_susdc
2025-10-01,ethereum,sUSDS,1003,38984.39323334339,susds_susdc
2025-10-01,ethereum,sUSDS,1004,991.661240871108,susds_susdc
2025-10-01,ethereum,sUSDS,1007,2441.8810718844834,susds_susdc
2025-10-01,ethereum,sUSDS,1015,1.5761920682917065e-05,susds_susdc
2025-10-01,ethereum,sUSDS,1017,0.0178827398118499,susds_susdc
2025-10-01,ethereum,sUSDS,13425,0.0001982040776828,susds_susdc
2025-10-01,ethereum,spETH,-999999,0.0,sp
2025-10-01,ethereum,spETH,128,0.0,sp
2025-10-01,ethereum,spUSDC,128,7607.236501967833,sp
2025-10-01,ethereum,spUSDC,131,0.0002120241540066,sp
2025-10-01,ethereum,spUSDC,198,0.0026807479919906,sp
2025-10-01,ethereum,spUSDT,128,6671.499850103086,sp
2025-10-01,ethereum,spUSDT,130,0.0009179100626074,sp
2025-10-01,ethereum,spUSDT,198,0.0541268686270633,sp
2025-10-01,ethereum,stUSDS,-999999,18189.70775590551,stusds
2025-10-01,ethereum,stUSDS,0,36.67546250137465,stusds
2025-10-01,ethereum,stUSDS,1,5515.8562641504695,stusds
2025-10-01,ethereum,stUSDS,197,16159.545842414656,stusds
2025-10-01,optimism,sUSDC,127,8.773244811115646,susds_susdc
2025-10-01,optimism,sUSDC,128,26772.80621772226,susds_susdc
2025-10-01,optimism,sUSDC,194,0.0333943025063023,susds_susdc
2025-10-01,optimism,sUSDS,1,20.76315665695657,psm3
2025-10-01,optimism,sUSDS,99,24873.74722619666,psm3
2025-10-01,optimism,sUSDS,128,1.2050165971087132,psm3
2025-10-01,optimism,sUSDS,10000,4.100808860508247e-05,psm3
2025-10-01,optimism,sUSDS,10001,26781.612856835785,psm3
2025-10-01,unichain,sUSDC,0,2.5014665343124112e-11,susds_susdc
2025-10-01,unichain,sUSDC,127,1503.1773176831705,susds_susdc
2025-10-01,unichain,sUSDC,128,11286.596860513951,susds_susdc
2025-10-01,unichain,sUSDC,1017,0.0004616207762935,susds_susdc
2025-10-01,unichain,sUSDS,1,0.8635526814852011,psm3
2025-10-01,unichain,sUSDS,99,38883.34173526414,psm3
2025-10-01,unichain,sUSDS,128,0.3136505615956954,psm3
2025-10-01,unichain,sUSDS,10001,12789.774639817795,psm3
2025-11-01,arbitrum,sUSDC,0,1.549511896085086e-05,susds_susdc
2025-11-01,arbitrum,sUSDC,127,937.5983980097074,susds_susdc
2025-11-01,arbitrum,sUSDC,128,27086.315594139847,susds_susdc
2025-11-01,arbitrum,sUSDC,182,9.160606427141886e-06,susds_susdc
2025-11-01,arbitrum,sUSDC,190,0.0039697595590048,susds_susdc
2025-11-01,arbitrum,sUSDC,194,36.25934030392261,susds_susdc
2025-11-01,arbitrum,sUSDC,196,0.0159404839545157,susds_susdc
2025-11-01,arbitrum,sUSDC,1004,0.0052375472050755,susds_susdc
2025-11-01,arbitrum,sUSDC,1017,136.81492588095134,susds_susdc
2025-11-01,arbitrum,sUSDS,1,1140.0446825728968,psm3
2025-11-01,arbitrum,sUSDS,2,7.697001453209132e-15,psm3
2025-11-01,arbitrum,sUSDS,99,20535.77280862027,psm3
2025-11-01,arbitrum,sUSDS,128,962.3234551695072,psm3
2025-11-01,arbitrum,sUSDS,171,0.0003212019190659,psm3
2025-11-01,arbitrum,sUSDS,1004,1.114501036904873e-14,psm3
2025-11-01,arbitrum,sUSDS,3333,0.001608913511591,psm3
2025-11-01,arbitrum,sUSDS,10000,30.030826985399443,psm3
2025-11-01,arbitrum,sUSDS,10001,28197.013430780808,psm3
2025-11-01,avalanche_c,spUSDC,128,0.0,sp
2025-11-01,avalanche_c,spUSDC,131,0.0,sp
2025-11-01,avalanche_c,spUSDC,198,0.0,sp
2025-11-01,base,sUSDC,0,0.0331681663542231,susds_susdc
2025-11-01,base,sUSDC,127,63.119820037303406,susds_susdc
2025-11-01,base,sUSDC,128,3627.056506223521,susds_susdc
2025-11-01,base,sUSDC,182,0.0291395790293384,susds_susdc
2025-11-01,base,sUSDC,190,5.542158793712661e-05,susds_susdc
2025-11-01,base,sUSDC,194,0.989625375911902,susds_susdc
2025-11-01,base,sUSDC,1004,0.0101828547842162,susds_susdc
2025-11-01,base,sUSDC,1017,12.63157974839694,susds_susdc
2025-11-01,base,sUSDS,1,441.1515163690329,psm3
2025-11-01,base,sUSDS,2,1.0087071273587454e-18,psm3
2025-11-01,base,sUSDS,99,101984.42804891623,psm3
2025-11-01,base,sUSDS,128,1081.047060789458,psm3
2025-11-01,base,sUSDS,170,1.5767726078322937e-05,psm3
2025-11-01,base,sUSDS,171,0.002102962155476,psm3
2025-11-01,base,sUSDS,1004,1.7027285825439603e-15,psm3
2025-11-01,base,sUSDS,1015,7.413061674286424e-05,psm3
2025-11-01,base,sUSDS,1017,3.3694259356430223,psm3
2025-11-01,base,sUSDS,3333,0.9808339374021744,psm3
2025-11-01,base,sUSDS,9998,0.0017952852738089093,psm3
2025-11-01,base,sUSDS,10000,8.325463456432988,psm3
2025-11-01,base,sUSDS,10001,3703.8700774068698,psm3
2025-11-01,ethereum,USDS,4001,11499.795032775548,usds_ref4001
2025-11-01,ethereum,USDS,9001,16419.610367906324,usds_aave
2025-11-01,ethereum,USDS-CLE,-999999,2071.640113839355,farms
2025-11-01,ethereum,USDS-CLE,0,0.0004916811533117,farms
2025-11-01,ethereum,USDS-CLE,1,6485.803069235147,farms
2025-11-01,ethereum,USDS-CLE,128,5762.127213468559,farms
2025-11-01,ethereum,USDS-CLE,1001,237.06429642658549,farms
2025-11-01,ethereum,USDS-CLE,1002,0.9831521170084098,farms
2025-11-01,ethereum,USDS-SKY,-999999,9515.947785552704,farms
2025-11-01,ethereum,USDS-SKY,0,400.4046545030595,farms
2025-11-01,ethereum,USDS-SKY,1,28350.5732757563,farms
2025-11-01,ethereum,USDS-SKY,128,25541.549726128836,farms
2025-11-01,ethereum,USDS-SKY,1001,3485.196918295788,farms
2025-11-01,ethereum,USDS-SKY,1002,1.4789769091618157,farms
2025-11-01,ethereum,USDS-SKY,1007,1106.3916103555505,farms
2025-11-01,ethereum,USDS-SKY,13425,370.4027145914824,farms
2025-11-01,ethereum,USDS-SPK,-999999,1463.1243687486558,farms
2025-11-01,ethereum,USDS-SPK,0,0.0015192947637333,farms
2025-11-01,ethereum,USDS-SPK,1,26928.25479347305,farms
2025-11-01,ethereum,USDS-SPK,128,330450.4402741948,farms
2025-11-01,ethereum,USDS-SPK,1007,2745.3977955846995,farms
2025-11-01,ethereum,sUSDC,0,2227.299745614193,susds_susdc
2025-11-01,ethereum,sUSDC,127,938.3159004357155,susds_susdc
2025-11-01,ethereum,sUSDC,128,597513.8396230681,susds_susdc
2025-11-01,ethereum,sUSDC,186,401.0667628031245,susds_susdc
2025-11-01,ethereum,sUSDC,188,7109.814720105463,susds_susdc
2025-11-01,ethereum,sUSDC,190,0.0046872251107515,susds_susdc
2025-11-01,ethereum,sUSDC,192,0.0002433962944695,susds_susdc
2025-11-01,ethereum,sUSDC,194,0.4280277829784689,susds_susdc
2025-11-01,ethereum,sUSDC,195,8105.6148375289185,susds_susdc
2025-11-01,ethereum,sUSDC,1017,33.63291182582887,susds_susdc
2025-11-01,ethereum,sUSDS,0,1684.779797365637,susds_susdc
2025-11-01,ethereum,sUSDS,1,67629.95958287499,susds_susdc
2025-11-01,ethereum,sUSDS,99,810733.6837089555,susds_susdc
2025-11-01,ethereum,sUSDS,128,178428.34703419916,susds_susdc
2025-11-01,ethereum,sUSDS,183,20843.09252984991,susds_susdc
2025-11-01,ethereum,sUSDS,186,37.37366675133504,susds_susdc
2025-11-01,ethereum,sUSDS,303,0.0021054879009143,susds_susdc
2025-11-01,ethereum,sUSDS,1001,1293.6081534121804,susds_susdc
2025-11-01,ethereum,sUSDS,1002,3047.437156898325,susds_susdc
2025-11-01,ethereum,sUSDS,1003,56027.44879472319,susds_susdc
2025-11-01,ethereum,sUSDS,1004,1540.3776603997917,susds_susdc
2025-11-01,ethereum,sUSDS,1007,862.2541941247569,susds_susdc
2025-11-01,ethereum,sUSDS,1015,1.5310498330077433e-05,susds_susdc
2025-11-01,ethereum,sUSDS,13425,0.0001925275010213,susds_susdc
2025-11-01,ethereum,spETH,-999999,0.0,sp
2025-11-01,ethereum,spETH,128,0.0,sp
2025-11-01,ethereum,spETH,186,0.0,sp
2025-11-01,ethereum,spUSDC,128,52909.030304127926,sp
2025-11-01,ethereum,spUSDC,131,0.3292901557550842,sp
2025-11-01,ethereum,spUSDC,186,0.4395303322862366,sp
2025-11-01,ethereum,spUSDC,198,1.1664625125273964,sp
2025-11-01,ethereum,spUSDT,128,35412.78173871799,sp
2025-11-01,ethereum,spUSDT,130,12.839958648873226,sp
2025-11-01,ethereum,spUSDT,186,11.634438972936987,sp
2025-11-01,ethereum,spUSDT,198,0.5165882380453045,sp
2025-11-01,ethereum,stUSDS,-999999,38392.691127747945,stusds
2025-11-01,ethereum,stUSDS,0,64.43892638482573,stusds
2025-11-01,ethereum,stUSDS,1,2822.8590953099074,stusds
2025-11-01,ethereum,stUSDS,197,17563.940935724222,stusds
2025-11-01,optimism,sUSDC,127,118.68323499597328,susds_susdc
2025-11-01,optimism,sUSDC,128,33253.06526656916,susds_susdc
2025-11-01,optimism,sUSDC,194,0.0937174007772236,susds_susdc
2025-11-01,optimism,sUSDC,1017,2.687017671965101e-06,susds_susdc
2025-11-01,optimism,sUSDS,1,39.213583845503216,psm3
2025-11-01,optimism,sUSDS,99,16777.760665053564,psm3
2025-11-01,optimism,sUSDS,128,8.628375329852513,psm3
2025-11-01,optimism,sUSDS,10000,3.927631214198182e-05,psm3
2025-11-01,optimism,sUSDS,10001,33371.8422216528,psm3
2025-11-01,unichain,sUSDC,0,2.8977018540612166e-10,susds_susdc
2025-11-01,unichain,sUSDC,127,745.4872770943979,susds_susdc
2025-11-01,unichain,sUSDC,128,4821.1558589657725,susds_susdc
2025-11-01,unichain,sUSDC,1017,0.0004483999295994,susds_susdc
2025-11-01,unichain,sUSDS,1,0.1047532426493739,psm3
2025-11-01,unichain,sUSDS,99,44627.32048229377,psm3
2025-11-01,unichain,sUSDS,128,0.2698938342190688,psm3
2025-11-01,unichain,sUSDS,10001,5566.643584460254,psm3
2025-12-01,arbitrum,sUSDC,0,1.6068558612250338e-05,susds_susdc
2025-12-01,arbitrum,sUSDC,127,1294.5463104570683,susds_susdc
2025-12-01,arbitrum,sUSDC,128,35827.57896155703,susds_susdc
2025-12-01,arbitrum,sUSDC,182,9.499619955818891e-06,susds_susdc
2025-12-01,arbitrum,sUSDC,190,0.0041166714700013,susds_susdc
2025-12-01,arbitrum,sUSDC,194,18.67592997181595,susds_susdc
2025-12-01,arbitrum,sUSDC,196,0.0226421504723424,susds_susdc
2025-12-01,arbitrum,sUSDC,1004,0.0054313768561293,susds_susdc
2025-12-01,arbitrum,sUSDC,1017,420.572212146,susds_susdc
2025-12-01,arbitrum,sUSDS,1,2043.392475339898,psm3
2025-12-01,arbitrum,sUSDS,2,7.981850294096041e-15,psm3
2025-12-01,arbitrum,sUSDS,99,12210.935864386018,psm3
2025-12-01,arbitrum,sUSDS,128,928.4687905841386,psm3
2025-12-01,arbitrum,sUSDS,171,0.0003330888827584,psm3
2025-12-01,arbitrum,sUSDS,1004,1.5963396035051964e-14,psm3
2025-12-01,arbitrum,sUSDS,3333,0.0018659129187282,psm3
2025-12-01,arbitrum,sUSDS,10000,31.00812998395064,psm3
2025-12-01,arbitrum,sUSDS,10001,37561.405629898894,psm3
2025-12-01,avalanche_c,spUSDC,128,38970.85004597621,sp
2025-12-01,avalanche_c,spUSDC,131,1207.044603831041,sp
2025-12-01,avalanche_c,spUSDC,190,21168.148342802862,sp
2025-12-01,avalanche_c,spUSDC,191,2910.805818727834,sp
2025-12-01,avalanche_c,spUSDC,198,3.4158980486346784e-05,sp
2025-12-01,base,sUSDC,0,0.061866430740192,susds_susdc
2025-12-01,base,sUSDC,127,66.81559289565531,susds_susdc
2025-12-01,base,sUSDC,128,4190.110027074137,susds_susdc
2025-12-01,base,sUSDC,129,0.6415203110271501,susds_susdc
2025-12-01,base,sUSDC,182,0.0289048664608306,susds_susdc
2025-12-01,base,sUSDC,190,2.3948053124683734e-20,susds_susdc
2025-12-01,base,sUSDC,194,0.1432089742328968,susds_susdc
2025-12-01,base,sUSDC,1004,0.0105596994352619,susds_susdc
2025-12-01,base,sUSDC,1017,13.099046226443756,susds_susdc
2025-12-01,base,sUSDS,1,730.5356576492214,psm3
2025-12-01,base,sUSDS,2,3.2485685634791637e-17,psm3
2025-12-01,base,sUSDS,99,105127.3144857266,psm3
2025-12-01,base,sUSDS,128,1082.0354014987963,psm3
2025-12-01,base,sUSDS,129,0.0004444596227240427,psm3
2025-12-01,base,sUSDS,170,1.6351254308636015e-05,psm3
2025-12-01,base,sUSDS,171,0.0021978741763451,psm3
2025-12-01,base,sUSDS,1004,7.007307365221373e-16,psm3
2025-12-01,base,sUSDS,1015,7.687402485289284e-05,psm3
2025-12-01,base,sUSDS,1017,3.493990709410585,psm3
2025-12-01,base,sUSDS,3333,0.9004645073841642,psm3
2025-12-01,base,sUSDS,9998,0.0020114294506207537,psm3
2025-12-01,base,sUSDS,10000,7.804183831881626,psm3
2025-12-01,base,sUSDS,10001,4270.910726478127,psm3
2025-12-01,ethereum,USDS,4001,33962.99398518113,usds_ref4001
2025-12-01,ethereum,USDS,9001,24700.58952445672,usds_aave
2025-12-01,ethereum,USDS-CLE,-999999,3043.5559059463835,farms
2025-12-01,ethereum,USDS-CLE,0,0.0005080705250888,farms
2025-12-01,ethereum,USDS-CLE,1,5954.684275045505,farms
2025-12-01,ethereum,USDS-CLE,128,8552.412126939242,farms
2025-12-01,ethereum,USDS-CLE,1001,110.7891302251548,farms
2025-12-01,ethereum,USDS-CLE,1002,0.7622554211480245,farms
2025-12-01,ethereum,USDS-SKY,-999999,9891.87562197515,farms
2025-12-01,ethereum,USDS-SKY,0,112.58876518670368,farms
2025-12-01,ethereum,USDS-SKY,1,29287.411609004823,farms
2025-12-01,ethereum,USDS-SKY,128,38222.92440579239,farms
2025-12-01,ethereum,USDS-SKY,1001,3955.47083572263,farms
2025-12-01,ethereum,USDS-SKY,1002,1.5282761394672093,farms
2025-12-01,ethereum,USDS-SKY,1007,3550.059439215305,farms
2025-12-01,ethereum,USDS-SKY,1016,179.02163663419003,farms
2025-12-01,ethereum,USDS-SKY,13425,1029.0974125257137,farms
2025-12-01,ethereum,USDS-SPK,-999999,643.1814057557209,farms
2025-12-01,ethereum,USDS-SPK,0,0.0015699379225244,farms
2025-12-01,ethereum,USDS-SPK,1,21642.304324748697,farms
2025-12-01,ethereum,USDS-SPK,128,286198.6848417128,farms
2025-12-01,ethereum,USDS-SPK,1007,2841.0698412168517,farms
2025-12-01,ethereum,sUSDC,0,44.67297535902088,susds_susdc
2025-12-01,ethereum,sUSDC,127,710.9630773004652,susds_susdc
2025-12-01,ethereum,sUSDC,128,603740.756690393,susds_susdc
2025-12-01,ethereum,sUSDC,186,651.2609611084864,susds_susdc
2025-12-01,ethereum,sUSDC,188,3055.578991801472,susds_susdc
2025-12-01,ethereum,sUSDC,190,51.46294883014548,susds_susdc
2025-12-01,ethereum,sUSDC,192,51102.2768753067,susds_susdc
2025-12-01,ethereum,sUSDC,194,0.3971058978792346,susds_susdc
2025-12-01,ethereum,sUSDC,195,7915.428521960411,susds_susdc
2025-12-01,ethereum,sUSDC,1017,64.091561898073,susds_susdc
2025-12-01,ethereum,sUSDS,0,1710.0469888584491,susds_susdc
2025-12-01,ethereum,sUSDS,1,94474.6539737601,susds_susdc
2025-12-01,ethereum,sUSDS,99,1128365.4817424607,susds_susdc
2025-12-01,ethereum,sUSDS,128,201853.93149201968,susds_susdc
2025-12-01,ethereum,sUSDS,183,24105.19436992559,susds_susdc
2025-12-01,ethereum,sUSDS,186,0.3910060072479991,susds_susdc
2025-12-01,ethereum,sUSDS,303,0.0021834072928839,susds_susdc
2025-12-01,ethereum,sUSDS,1001,1172.0421176153286,susds_susdc
2025-12-01,ethereum,sUSDS,1002,2396.5082700948165,susds_susdc
2025-12-01,ethereum,sUSDS,1003,87879.48181869819,susds_susdc
2025-12-01,ethereum,sUSDS,1004,3160.4675981231394,susds_susdc
2025-12-01,ethereum,sUSDS,1007,1879.538861816323,susds_susdc
2025-12-01,ethereum,sUSDS,1015,1.5877105585390156e-05,susds_susdc
2025-12-01,ethereum,sUSDS,1017,0.0079656813506977,susds_susdc
2025-12-01,ethereum,sUSDS,13425,0.0001996525126685,susds_susdc
2025-12-01,ethereum,spETH,-999999,0.0,sp
2025-12-01,ethereum,spETH,128,0.0,sp
2025-12-01,ethereum,spETH,190,0.0,sp
2025-12-01,ethereum,spPYUSD,128,7.152039171490666,sp
2025-12-01,ethereum,spPYUSD,132,0.0002692086274316,sp
2025-12-01,ethereum,spUSDC,128,101599.70398783982,sp
2025-12-01,ethereum,spUSDC,131,337.84064282737927,sp
2025-12-01,ethereum,spUSDC,186,51.43989551740268,sp
2025-12-01,ethereum,spUSDC,190,57.72048935295597,sp
2025-12-01,ethereum,spUSDC,198,0.4259716452368085,sp
2025-12-01,ethereum,spUSDC,202,0.8863052750922082,sp
2025-12-01,ethereum,spUSDT,128,60391.37925369183,sp
2025-12-01,ethereum,spUSDT,130,319.2808534108773,sp
2025-12-01,ethereum,spUSDT,186,315.9292206395478,sp
2025-12-01,ethereum,spUSDT,190,160.956200168216,sp
2025-12-01,ethereum,spUSDT,191,2146.166128028695,sp
2025-12-01,ethereum,spUSDT,198,0.0169596946572489,sp
2025-12-01,ethereum,spUSDT,202,49.84498894658262,sp
2025-12-01,ethereum,stUSDS,-999999,34483.22990336034,stusds
2025-12-01,ethereum,stUSDS,0,55.30583890452396,stusds
2025-12-01,ethereum,stUSDS,1,5440.326377182755,stusds
2025-12-01,ethereum,stUSDS,197,17503.738662265496,stusds
2025-12-01,optimism,sUSDC,127,4910.075319776932,susds_susdc
2025-12-01,optimism,sUSDC,128,42925.907127219,susds_susdc
2025-12-01,optimism,sUSDC,190,15.999244056260972,susds_susdc
2025-12-01,optimism,sUSDC,194,0.0971856718997322,susds_susdc
2025-12-01,optimism,sUSDC,1017,2.819093966780903e-20,susds_susdc
2025-12-01,optimism,sUSDS,1,154.27364645383466,psm3
2025-12-01,optimism,sUSDS,99,4036.332110852695,psm3
2025-12-01,optimism,sUSDS,128,12.112674279415137,psm3
2025-12-01,optimism,sUSDS,10000,7.742408945853424e-05,psm3
2025-12-01,optimism,sUSDS,10001,47852.07887672412,psm3
2025-12-01,unichain,sUSDC,0,3.7906344665657804e-10,susds_susdc
2025-12-01,unichain,sUSDC,127,158.36952095547394,susds_susdc
2025-12-01,unichain,sUSDC,128,2611.8599396386508,susds_susdc
2025-12-01,unichain,sUSDC,1017,0.0004649942068016,susds_susdc
2025-12-01,unichain,sUSDS,1,0.1077551340663133,psm3
2025-12-01,unichain,sUSDS,99,49281.30733096639,psm3
2025-12-01,unichain,sUSDS,128,0.2735701819479774,psm3
2025-12-01,unichain,sUSDS,10000,0.0001974637044434,psm3
2025-12-01,unichain,sUSDS,10001,2770.229925588568,psm3
2026-01-01,arbitrum,sUSDC,0,1.3442145887822702e-05,susds_susdc
2026-01-01,arbitrum,sUSDC,127,757.2641996945368,susds_susdc
2026-01-01,arbitrum,sUSDC,128,40809.98512542778,susds_susdc
2026-01-01,arbitrum,sUSDC,182,7.946903042544037e-06,susds_susdc
2026-01-01,arbitrum,sUSDC,190,0.0034437997711759,susds_susdc
2026-01-01,arbitrum,sUSDC,194,4.5541961267520765,susds_susdc
2026-01-01,arbitrum,sUSDC,196,0.0317921847436433,susds_susdc
2026-01-01,arbitrum,sUSDC,555,0.0040451400614592,susds_susdc
2026-01-01,arbitrum,sUSDC,1004,0.0045436160040001,susds_susdc
2026-01-01,arbitrum,sUSDC,1017,337.55747879307955,susds_susdc
2026-01-01,arbitrum,sUSDS,1,1193.0077982823664,psm3
2026-01-01,arbitrum,sUSDS,2,6.677213430514967e-15,psm3
2026-01-01,arbitrum,sUSDS,99,42902.15295499347,psm3
2026-01-01,arbitrum,sUSDS,128,568.8775216822689,psm3
2026-01-01,arbitrum,sUSDS,171,0.0002786453635136,psm3
2026-01-01,arbitrum,sUSDS,1004,1.36901142821362e-14,psm3
2026-01-01,arbitrum,sUSDS,3333,0.0020220646324671,psm3
2026-01-01,arbitrum,sUSDS,10000,25.945012201882356,psm3
2026-01-01,arbitrum,sUSDS,10001,41909.4048461718,psm3
2026-01-01,avalanche_c,spUSDC,128,18301.421135154003,sp
2026-01-01,avalanche_c,spUSDC,131,932.8561348561764,sp
2026-01-01,avalanche_c,spUSDC,190,9892.842223719652,sp
2026-01-01,avalanche_c,spUSDC,191,2164.429525847791,sp
2026-01-01,avalanche_c,spUSDC,198,1.6157823075441504e-05,sp
2026-01-01,base,sUSDC,0,0.0544993616905019,susds_susdc
2026-01-01,base,sUSDC,127,44.33254696414703,susds_susdc
2026-01-01,base,sUSDC,128,3764.190609544453,susds_susdc
2026-01-01,base,sUSDC,129,2.5779557833585005,susds_susdc
2026-01-01,base,sUSDC,182,0.0241803537710159,susds_susdc
2026-01-01,base,sUSDC,200,2.870425348069329e-05,susds_susdc
2026-01-01,base,sUSDC,205,0.0005949248945278,susds_susdc
2026-01-01,base,sUSDC,1004,0.0088337120811902,susds_susdc
2026-01-01,base,sUSDC,1017,14.73514050902637,susds_susdc
2026-01-01,base,sUSDS,1,675.0870302695029,psm3
2026-01-01,base,sUSDS,2,7.335805770829429e-18,psm3
2026-01-01,base,sUSDS,99,87413.48067294704,psm3
2026-01-01,base,sUSDS,128,780.3112161041225,psm3
2026-01-01,base,sUSDS,129,0.0004392706245131133,psm3
2026-01-01,base,sUSDS,170,1.3678634852662328e-05,psm3
2026-01-01,base,sUSDS,171,0.0018386307094766,psm3
2026-01-01,base,sUSDS,1004,1.3756531995665005e-19,psm3
2026-01-01,base,sUSDS,1015,6.430893286650413e-05,psm3
2026-01-01,base,sUSDS,1017,1.0629703330526996,psm3
2026-01-01,base,sUSDS,3333,0.7115666406756934,psm3
2026-01-01,base,sUSDS,9998,0.0008878885804577354,psm3
2026-01-01,base,sUSDS,10000,347.7958596983581,psm3
2026-01-01,base,sUSDS,10001,3825.924389857676,psm3
2026-01-01,ethereum,USDS,4001,28500.23359026769,usds_ref4001
2026-01-01,ethereum,USDS,9001,17730.23285334412,usds_aave
2026-01-01,ethereum,USDS-CLE,-999999,3577.671967725464,farms
2026-01-01,ethereum,USDS-CLE,0,0.0004236023101533,farms
2026-01-01,ethereum,USDS-CLE,1,5139.569418021428,farms
2026-01-01,ethereum,USDS-CLE,128,6597.992371524815,farms
2026-01-01,ethereum,USDS-CLE,1001,83.08763931095574,farms
2026-01-01,ethereum,USDS-CLE,1002,0.6355282217341335,farms
2026-01-01,ethereum,USDS-SKY,-999999,8027.601556603574,farms
2026-01-01,ethereum,USDS-SKY,0,93.8707458212155,farms
2026-01-01,ethereum,USDS-SKY,1,26939.33549502678,farms
2026-01-01,ethereum,USDS-SKY,128,24672.19592251117,farms
2026-01-01,ethereum,USDS-SKY,1001,1291.0061823694978,farms
2026-01-01,ethereum,USDS-SKY,1002,1.274195748941338,farms
2026-01-01,ethereum,USDS-SKY,1007,4114.426764723389,farms
2026-01-01,ethereum,USDS-SKY,1016,1201.0547443054504,farms
2026-01-01,ethereum,USDS-SKY,13425,858.0069494142158,farms
2026-01-01,ethereum,USDS-SPK,-999999,445.26837818831183,farms
2026-01-01,ethereum,USDS-SPK,0,0.0013089311383739,farms
2026-01-01,ethereum,USDS-SPK,1,14315.545141962417,farms
2026-01-01,ethereum,USDS-SPK,128,235384.7255214065,farms
2026-01-01,ethereum,USDS-SPK,1007,4375.433402403488,farms
2026-01-01,ethereum,sUSDC,0,35.64612998934022,susds_susdc
2026-01-01,ethereum,sUSDC,127,591.9719258034937,susds_susdc
2026-01-01,ethereum,sUSDC,128,252256.53858694804,susds_susdc
2026-01-01,ethereum,sUSDC,186,840.8570368959579,susds_susdc
2026-01-01,ethereum,sUSDC,188,1186.54009108743,susds_susdc
2026-01-01,ethereum,sUSDC,190,85.01652744725578,susds_susdc
2026-01-01,ethereum,sUSDC,192,56666.75697240863,susds_susdc
2026-01-01,ethereum,sUSDC,194,0.3238596521929458,susds_susdc
2026-01-01,ethereum,sUSDC,195,3879.9434461548944,susds_susdc
2026-01-01,ethereum,sUSDC,1017,181.5579595222001,susds_susdc
2026-01-01,ethereum,sUSDS,0,1151.1195951165948,susds_susdc
2026-01-01,ethereum,sUSDS,1,78673.60859978426,susds_susdc
2026-01-01,ethereum,sUSDS,99,997143.0770507538,susds_susdc
2026-01-01,ethereum,sUSDS,128,343495.50292272086,susds_susdc
2026-01-01,ethereum,sUSDS,183,21333.384118292208,susds_susdc
2026-01-01,ethereum,sUSDS,186,0.0417138729115813,susds_susdc
2026-01-01,ethereum,sUSDS,190,0.1582479686580367,susds_susdc
2026-01-01,ethereum,sUSDS,303,0.0018265284442567,susds_susdc
2026-01-01,ethereum,sUSDS,1001,876.50457859825,susds_susdc
2026-01-01,ethereum,sUSDS,1002,1967.5988770266629,susds_susdc
2026-01-01,ethereum,sUSDS,1003,72534.27934933257,susds_susdc
2026-01-01,ethereum,sUSDS,1004,3343.442120114896,susds_susdc
2026-01-01,ethereum,sUSDS,1007,1592.6490640759569,susds_susdc
2026-01-01,ethereum,sUSDS,1015,1.3281985939452612e-05,susds_susdc
2026-01-01,ethereum,sUSDS,1017,0.0406207043587643,susds_susdc
2026-01-01,ethereum,sUSDS,13425,0.0001670192247433,susds_susdc
2026-01-01,ethereum,spETH,-999999,0.0,sp
2026-01-01,ethereum,spETH,128,0.0,sp
2026-01-01,ethereum,spETH,186,0.0,sp
2026-01-01,ethereum,spETH,190,0.0,sp
2026-01-01,ethereum,spETH,205,0.0,sp
2026-01-01,ethereum,spETH,1017,0.0,sp
2026-01-01,ethereum,spPYUSD,128,37.63970015068171,sp
2026-01-01,ethereum,spPYUSD,132,0.0017896274734932,sp
2026-01-01,ethereum,spUSDC,128,28594.49963196506,sp
2026-01-01,ethereum,spUSDC,131,1601.0254115365997,sp
2026-01-01,ethereum,spUSDC,186,16.662048248800232,sp
2026-01-01,ethereum,spUSDC,190,389.7124722066081,sp
2026-01-01,ethereum,spUSDC,198,0.0163066752162524,sp
2026-01-01,ethereum,spUSDC,200,2.6460090789674466e-08,sp
2026-01-01,ethereum,spUSDC,202,0.4902043224762666,sp
2026-01-01,ethereum,spUSDC,205,0.0005315126059556,sp
2026-01-01,ethereum,spUSDC,1017,0.0238070409091449,sp
2026-01-01,ethereum,spUSDT,128,26236.946469230123,sp
2026-01-01,ethereum,spUSDT,130,284.56504668520626,sp
2026-01-01,ethereum,spUSDT,186,120.67323043612676,sp
2026-01-01,ethereum,spUSDT,190,119.0483729512008,sp
2026-01-01,ethereum,spUSDT,191,1238.8487513809762,sp
2026-01-01,ethereum,spUSDT,198,0.0023690493436559,sp
2026-01-01,ethereum,spUSDT,200,2.104809893031371,sp
2026-01-01,ethereum,spUSDT,202,29.89583632690229,sp
2026-01-01,ethereum,spUSDT,1017,0.0426587060963555,sp
2026-01-01,ethereum,stUSDS,-999999,2567.498843936495,stusds
2026-01-01,ethereum,stUSDS,0,0.0048703328296245,stusds
2026-01-01,ethereum,stUSDS,1,1800.5532416249337,stusds
2026-01-01,ethereum,stUSDS,197,6824.987655591928,stusds
2026-01-01,optimism,sUSDC,127,6144.263777393866,susds_susdc
2026-01-01,optimism,sUSDC,128,24259.682598424704,susds_susdc
2026-01-01,optimism,sUSDC,194,0.0813006325835792,susds_susdc
2026-01-01,optimism,sUSDC,1017,1.0578437030197343,susds_susdc
2026-01-01,optimism,sUSDS,1,129.08676989812363,psm3
2026-01-01,optimism,sUSDS,99,29421.932201828025,psm3
2026-01-01,optimism,sUSDS,128,566.3085890851019,psm3
2026-01-01,optimism,sUSDS,10000,9.530772750572972e-05,psm3
2026-01-01,optimism,sUSDS,10001,30405.08552015429,psm3
2026-01-01,unichain,sUSDC,0,2.1487127359137883e-10,susds_susdc
2026-01-01,unichain,sUSDC,127,43.71817476103787,susds_susdc
2026-01-01,unichain,sUSDC,128,1225.949505450007,susds_susdc
2026-01-01,unichain,sUSDC,1017,0.0003889907063633,susds_susdc
2026-01-01,unichain,sUSDS,1,0.5523649185591671,psm3
2026-01-01,unichain,sUSDS,99,42272.03526548557,psm3
2026-01-01,unichain,sUSDS,128,1.7547050955747872,psm3
2026-01-01,unichain,sUSDS,10000,0.0001600970642661,psm3
2026-01-01,unichain,sUSDS,10001,1269.6680692018472,psm3
2026-02-01,arbitrum,sUSDC,0,1.2179838859553775e-05,susds_susdc
2026-02-01,arbitrum,sUSDC,127,729.2157637222787,susds_susdc
2026-02-01,arbitrum,sUSDC,128,44149.045964462784,susds_susdc
2026-02-01,arbitrum,sUSDC,182,7.200635917689919e-06,susds_susdc
2026-02-01,arbitrum,sUSDC,190,0.0031204040357491,susds_susdc
2026-02-01,arbitrum,sUSDC,194,3.896902538253799,susds_susdc
2026-02-01,arbitrum,sUSDC,196,0.2233904436224951,susds_susdc
2026-02-01,arbitrum,sUSDC,200,0.1328411920627407,susds_susdc
2026-02-01,arbitrum,sUSDC,204,3.61945800260864,susds_susdc
2026-02-01,arbitrum,sUSDC,555,0.0038442402801141,susds_susdc
2026-02-01,arbitrum,sUSDC,1004,0.0041169401991496,susds_susdc
2026-02-01,arbitrum,sUSDC,1017,314.63129928176335,susds_susdc
2026-02-01,arbitrum,sUSDS,1,1321.9055431934646,psm3
2026-02-01,arbitrum,sUSDS,2,6.0501686028181706e-15,psm3
2026-02-01,arbitrum,sUSDS,99,88879.51688819332,psm3
2026-02-01,arbitrum,sUSDS,128,536.177170032937,psm3
2026-02-01,arbitrum,sUSDS,171,0.0002524787080039,psm3
2026-02-01,arbitrum,sUSDS,204,0.0003881084065803,psm3
2026-02-01,arbitrum,sUSDS,1004,1.0161328238436513e-14,psm3
2026-02-01,arbitrum,sUSDS,3333,0.0018466614646486,psm3
2026-02-01,arbitrum,sUSDS,10000,14.912594951655944,psm3
2026-02-01,arbitrum,sUSDS,10001,45200.77672060834,psm3
2026-02-01,avalanche_c,spUSDC,128,12648.190590432523,sp
2026-02-01,avalanche_c,spUSDC,131,791.6454659002068,sp
2026-02-01,avalanche_c,spUSDC,190,4849.476397729084,sp
2026-02-01,avalanche_c,spUSDC,191,26.126532534716148,sp
2026-02-01,avalanche_c,spUSDC,198,1.4220274200841092e-05,sp
2026-02-01,avalanche_c,spUSDC,202,3.593224053579985,sp
2026-02-01,base,sUSDC,0,0.0465100613662365,susds_susdc
2026-02-01,base,sUSDC,127,206.24413598503983,susds_susdc
2026-02-01,base,sUSDC,128,3139.688864474444,susds_susdc
2026-02-01,base,sUSDC,129,0.593354734238549,susds_susdc
2026-02-01,base,sUSDC,182,0.0219096575022875,susds_susdc
2026-02-01,base,sUSDC,200,0.0001230922496138,susds_susdc
2026-02-01,base,sUSDC,204,0.1755582186399668,susds_susdc
2026-02-01,base,sUSDC,205,0.0243030346865631,susds_susdc
2026-02-01,base,sUSDC,1004,0.0080041676811482,susds_susdc
2026-02-01,base,sUSDC,1017,6.548300264934973,susds_susdc
2026-02-01,base,sUSDS,1,548.075487613586,psm3
2026-02-01,base,sUSDS,2,6.646924749911301e-18,psm3
2026-02-01,base,sUSDS,99,79161.46094017221,psm3
2026-02-01,base,sUSDS,128,711.0427597456409,psm3
2026-02-01,base,sUSDS,129,0.2850639451955943,psm3
2026-02-01,base,sUSDS,170,1.2394119935495577e-05,psm3
2026-02-01,base,sUSDS,171,0.0016659710399319,psm3
2026-02-01,base,sUSDS,204,1.4391367235689004e-05,psm3
2026-02-01,base,sUSDS,205,9.92926170209157e-06,psm3
2026-02-01,base,sUSDS,1004,2.7723597403021305e-19,psm3
2026-02-01,base,sUSDS,1015,5.826989575030962e-05,psm3
2026-02-01,base,sUSDS,1017,0.012314499303932202,psm3
2026-02-01,base,sUSDS,3333,0.408386412852372,psm3
2026-02-01,base,sUSDS,9998,0.0018056617723542488,psm3
2026-02-01,base,sUSDS,10000,532.5416481541773,psm3
2026-02-01,base,sUSDS,10001,3353.3510636907804,psm3
2026-02-01,ethereum,USDS,4001,25181.35989069196,usds_ref4001
2026-02-01,ethereum,USDS,9001,14347.43615766222,usds_aave
2026-02-01,ethereum,USDS-CLE,-999999,2132.665476014648,farms
2026-02-01,ethereum,USDS-CLE,0,0.000382608538203,farms
2026-02-01,ethereum,USDS-CLE,1,4193.825801997757,farms
2026-02-01,ethereum,USDS-CLE,128,4966.638171624769,farms
2026-02-01,ethereum,USDS-CLE,1001,40.05611068360438,farms
2026-02-01,ethereum,USDS-CLE,1002,0.5740254905985722,farms
2026-02-01,ethereum,USDS-SKY,-999999,4570.906514113387,farms
2026-02-01,ethereum,USDS-SKY,0,84.77651254934602,farms
2026-02-01,ethereum,USDS-SKY,1,5782.404728469447,farms
2026-02-01,ethereum,USDS-SKY,128,3387.120502572885,farms
2026-02-01,ethereum,USDS-SKY,1001,810.0991426370302,farms
2026-02-01,ethereum,USDS-SKY,1002,1.150886482914757,farms
2026-02-01,ethereum,USDS-SKY,1007,2601.327043413359,farms
2026-02-01,ethereum,USDS-SKY,1016,167.53838068751205,farms
2026-02-01,ethereum,USDS-SKY,13425,774.9740188257433,farms
2026-02-01,ethereum,USDS-SPK,-999999,208.5922308892758,farms
2026-02-01,ethereum,USDS-SPK,0,0.0011822603830474,farms
2026-02-01,ethereum,USDS-SPK,1,17223.427140052314,farms
2026-02-01,ethereum,USDS-SPK,128,206409.47023664703,farms
2026-02-01,ethereum,USDS-SPK,1007,3023.763038076548,farms
2026-02-01,ethereum,USDS-SPK,1016,2.413963809930457e-05,farms
2026-02-01,ethereum,sUSDC,0,31.82602311636851,susds_susdc
2026-02-01,ethereum,sUSDC,127,623.2752135060786,susds_susdc
2026-02-01,ethereum,sUSDC,128,85313.68437223422,susds_susdc
2026-02-01,ethereum,sUSDC,186,1037.5779899606605,susds_susdc
2026-02-01,ethereum,sUSDC,188,270.23715633971824,susds_susdc
2026-02-01,ethereum,sUSDC,190,44.86216575179704,susds_susdc
2026-02-01,ethereum,sUSDC,192,41751.195888366565,susds_susdc
2026-02-01,ethereum,sUSDC,194,0.2841377422374228,susds_susdc
2026-02-01,ethereum,sUSDC,195,1671.2194229595505,susds_susdc
2026-02-01,ethereum,sUSDC,204,3.294989792533231e-05,susds_susdc
2026-02-01,ethereum,sUSDC,1017,28.06975861195616,susds_susdc
2026-02-01,ethereum,sUSDS,0,684.990128280433,susds_susdc
2026-02-01,ethereum,sUSDS,1,61175.08533243993,susds_susdc
2026-02-01,ethereum,sUSDS,99,1056291.4045558833,susds_susdc
2026-02-01,ethereum,sUSDS,128,472521.86890250107,susds_susdc
2026-02-01,ethereum,sUSDS,183,13278.929767896734,susds_susdc
2026-02-01,ethereum,sUSDS,186,0.0155381176779009,susds_susdc
2026-02-01,ethereum,sUSDS,303,0.0016550052580214,susds_susdc
2026-02-01,ethereum,sUSDS,1001,747.4718750714136,susds_susdc
2026-02-01,ethereum,sUSDS,1002,2968.7846636502154,susds_susdc
2026-02-01,ethereum,sUSDS,1003,63275.99650204248,susds_susdc
2026-02-01,ethereum,sUSDS,1004,1098.679455469038,susds_susdc
2026-02-01,ethereum,sUSDS,1007,8119.972825344363,susds_susdc
2026-02-01,ethereum,sUSDS,1015,1.203471899705702e-05,susds_susdc
2026-02-01,ethereum,sUSDS,1017,0.0010600913681166,susds_susdc
2026-02-01,ethereum,sUSDS,2001,0.0001080295529247,susds_susdc
2026-02-01,ethereum,sUSDS,13425,0.0001513350071333,susds_susdc
2026-02-01,ethereum,spETH,-999999,0.0,sp
2026-02-01,ethereum,spETH,128,0.0,sp
2026-02-01,ethereum,spETH,186,0.0,sp
2026-02-01,ethereum,spETH,190,0.0,sp
2026-02-01,ethereum,spETH,205,0.0,sp
2026-02-01,ethereum,spETH,1017,0.0,sp
2026-02-01,ethereum,spPYUSD,128,28.82185642072108,sp
2026-02-01,ethereum,spPYUSD,132,0.0001562807097113,sp
2026-02-01,ethereum,spUSDC,128,30187.540328493,sp
2026-02-01,ethereum,spUSDC,131,9.527775312520255,sp
2026-02-01,ethereum,spUSDC,186,37.41974152657075,sp
2026-02-01,ethereum,spUSDC,190,386.8984076023807,sp
2026-02-01,ethereum,spUSDC,198,0.0148315064561577,sp
2026-02-01,ethereum,spUSDC,200,0.5933760123583132,sp
2026-02-01,ethereum,spUSDC,202,0.4735964162969695,sp
2026-02-01,ethereum,spUSDC,205,0.0088971544934479,sp
2026-02-01,ethereum,spUSDC,1017,0.0795510411188638,sp
2026-02-01,ethereum,spUSDT,128,36355.43210240577,sp
2026-02-01,ethereum,spUSDT,130,263.830960323499,sp
2026-02-01,ethereum,spUSDT,186,191.96672044661972,sp
2026-02-01,ethereum,spUSDT,190,62.35919818066032,sp
2026-02-01,ethereum,spUSDT,191,5514.674890687888,sp
2026-02-01,ethereum,spUSDT,198,0.0021032432755914,sp
2026-02-01,ethereum,spUSDT,202,30.03227596138699,sp
2026-02-01,ethereum,stUSDS,-999999,2940.973591114515,stusds
2026-02-01,ethereum,stUSDS,0,0.0044341838491031,stusds
2026-02-01,ethereum,stUSDS,1,3037.922469958643,stusds
2026-02-01,ethereum,stUSDS,197,6314.14970695117,stusds
2026-02-01,optimism,sUSDC,127,5020.578057176517,susds_susdc
2026-02-01,optimism,sUSDC,128,9932.38930466478,susds_susdc
2026-02-01,optimism,sUSDC,194,0.0736659616932765,susds_susdc
2026-02-01,optimism,sUSDC,204,0.2164283262791862,susds_susdc
2026-02-01,optimism,sUSDC,1017,0.8367562146996579,susds_susdc
2026-02-01,optimism,sUSDS,1,111.45138179046732,psm3
2026-02-01,optimism,sUSDS,99,62011.396440588855,psm3
2026-02-01,optimism,sUSDS,128,751.7020346291658,psm3
2026-02-01,optimism,sUSDS,10000,0.0009193524143101,psm3
2026-02-01,optimism,sUSDS,10001,14954.094212344093,psm3
2026-02-01,unichain,sUSDC,0,2.019178263667205e-09,susds_susdc
2026-02-01,unichain,sUSDC,127,8.79872626260789,susds_susdc
2026-02-01,unichain,sUSDC,128,589.031392412567,susds_susdc
2026-02-01,unichain,sUSDC,1017,0.0003524618882213,susds_susdc
2026-02-01,unichain,sUSDS,1,0.5117144341828734,psm3
2026-02-01,unichain,sUSDS,99,38853.44302911625,psm3
2026-02-01,unichain,sUSDS,128,3.152499312462072,psm3
2026-02-01,unichain,sUSDS,10000,0.0002403919132907,psm3
2026-02-01,unichain,sUSDS,10001,597.830471138973,psm3
2026-03-01,arbitrum,sUSDC,0,1.3526887505251928e-05,susds_susdc
2026-03-01,arbitrum,sUSDC,127,948.8802550831276,susds_susdc
2026-03-01,arbitrum,sUSDC,128,54221.2335024298,susds_susdc
2026-03-01,arbitrum,sUSDC,182,7.997001696657625e-06,susds_susdc
2026-03-01,arbitrum,sUSDC,190,0.0034655100818025,susds_susdc
2026-03-01,arbitrum,sUSDC,194,4.301644121339719,susds_susdc
2026-03-01,arbitrum,sUSDC,196,0.2541009830215702,susds_susdc
2026-03-01,arbitrum,sUSDC,200,0.1388998902223283,susds_susdc
2026-03-01,arbitrum,sUSDC,204,33.82187346394349,susds_susdc
2026-03-01,arbitrum,sUSDC,555,0.0042694001465769,susds_susdc
2026-03-01,arbitrum,sUSDC,1004,0.0045722597467752,susds_susdc
2026-03-01,arbitrum,sUSDC,1017,332.1703807671547,susds_susdc
2026-03-01,arbitrum,sUSDS,1,1959.363523035625,psm3
2026-03-01,arbitrum,sUSDS,2,6.719307741255529e-15,psm3
2026-03-01,arbitrum,sUSDS,99,91834.41656525388,psm3
2026-03-01,arbitrum,sUSDS,128,1333.437929788494,psm3
2026-03-01,arbitrum,sUSDS,171,0.0002804019921791,psm3
2026-03-01,arbitrum,sUSDS,3333,0.0034108296152234,psm3
2026-03-01,arbitrum,sUSDS,10000,321.22715014783773,psm3
2026-03-01,arbitrum,sUSDS,10001,55540.81298543247,psm3
2026-03-01,avalanche_c,spUSDC,128,16500.988172386868,sp
2026-03-01,avalanche_c,spUSDC,131,777.7577267362938,sp
2026-03-01,avalanche_c,spUSDC,190,3423.0163305357364,sp
2026-03-01,avalanche_c,spUSDC,191,29.000795384854925,sp
2026-03-01,avalanche_c,spUSDC,198,1.5784691744575757e-05,sp
2026-03-01,avalanche_c,spUSDC,202,1.0488029400454395,sp
2026-03-01,base,sUSDC,0,0.0661746751469737,susds_susdc
2026-03-01,base,sUSDC,127,315.7494388589351,susds_susdc
2026-03-01,base,sUSDC,128,3938.660186026812,susds_susdc
2026-03-01,base,sUSDC,129,0.3929064571935467,susds_susdc
2026-03-01,base,sUSDC,182,0.0243327909120548,susds_susdc
2026-03-01,base,sUSDC,200,0.0002044356928445,susds_susdc
2026-03-01,base,sUSDC,204,0.3931131599966601,susds_susdc
2026-03-01,base,sUSDC,1004,0.0088894013331825,susds_susdc
2026-03-01,base,sUSDC,1017,5.829999062197632,susds_susdc
2026-03-01,base,sUSDS,1,543.7894165299768,psm3
2026-03-01,base,sUSDS,2,7.382051961828585e-18,psm3
2026-03-01,base,sUSDS,99,86470.95322788513,psm3
2026-03-01,base,sUSDS,128,1520.570679605175,psm3
2026-03-01,base,sUSDS,129,0.5123431150708773,psm3
2026-03-01,base,sUSDS,170,1.376486733751346e-05,psm3
2026-03-01,base,sUSDS,171,0.0018502217561351,psm3
2026-03-01,base,sUSDS,204,0.00011968856349788112,psm3
2026-03-01,base,sUSDS,205,3.05251760292138e-05,psm3
2026-03-01,base,sUSDS,1015,6.471434752512585e-05,psm3
2026-03-01,base,sUSDS,1017,0.0136764409355986,psm3
2026-03-01,base,sUSDS,3333,0.4808835679924798,psm3
2026-03-01,base,sUSDS,9998,0.0009192013180995527,psm3
2026-03-01,base,sUSDS,10000,840.4521665764498,psm3
2026-03-01,base,sUSDS,10001,4261.125244868208,psm3
2026-03-01,ethereum,USDS,4001,29061.485806168872,usds_ref4001
2026-03-01,ethereum,USDS,9001,19582.446234383584,usds_aave
2026-03-01,ethereum,USDS-CLE,-999999,1631.1025462245536,farms
2026-03-01,ethereum,USDS-CLE,0,324.5719582459788,farms
2026-03-01,ethereum,USDS-CLE,1,6259.944050521854,farms
2026-03-01,ethereum,USDS-CLE,128,3409.087513838566,farms
2026-03-01,ethereum,USDS-CLE,1001,44.251813993392815,farms
2026-03-01,ethereum,USDS-CLE,1002,0.8823900578933899,farms
2026-03-01,ethereum,USDS-SKY,-999999,4471.4099774483575,farms
2026-03-01,ethereum,USDS-SKY,0,4.305060941002722,farms
2026-03-01,ethereum,USDS-SKY,1,2741.3226850997657,farms
2026-03-01,ethereum,USDS-SKY,128,2561.8841931601246,farms
2026-03-01,ethereum,USDS-SKY,1001,811.8272807307619,farms
2026-03-01,ethereum,USDS-SKY,1002,1.274860056953132,farms
2026-03-01,ethereum,USDS-SKY,1007,98.97080055441656,farms
2026-03-01,ethereum,USDS-SKY,1016,8.978125634163069,farms
2026-03-01,ethereum,USDS-SKY,13425,858.0099988032631,farms
2026-03-01,ethereum,USDS-SPK,-999999,351.4855199287976,farms
2026-03-01,ethereum,USDS-SPK,0,180.59640861937623,farms
2026-03-01,ethereum,USDS-SPK,1,11831.249619871358,farms
2026-03-01,ethereum,USDS-SPK,128,236624.40877949496,farms
2026-03-01,ethereum,USDS-SPK,1007,4628.610029240478,farms
2026-03-01,ethereum,sUSDC,0,34.70003843313584,susds_susdc
2026-03-01,ethereum,sUSDC,127,775.8053390413144,susds_susdc
2026-03-01,ethereum,sUSDC,128,66158.46107623457,susds_susdc
2026-03-01,ethereum,sUSDC,186,2311.077890095982,susds_susdc
2026-03-01,ethereum,sUSDC,188,3530.3218188940973,susds_susdc
2026-03-01,ethereum,sUSDC,190,42.7787820502543,susds_susdc
2026-03-01,ethereum,sUSDC,191,479.8528629040974,susds_susdc
2026-03-01,ethereum,sUSDC,192,48284.10945030168,susds_susdc
2026-03-01,ethereum,sUSDC,194,0.3155624076444226,susds_susdc
2026-03-01,ethereum,sUSDC,195,7613.53703214974,susds_susdc
2026-03-01,ethereum,sUSDC,204,0.000495659619708,susds_susdc
2026-03-01,ethereum,sUSDC,216,216.60757545032504,susds_susdc
2026-03-01,ethereum,sUSDC,1017,31.174178199055262,susds_susdc
2026-03-01,ethereum,sUSDS,0,2815.771925170584,susds_susdc
2026-03-01,ethereum,sUSDS,1,90456.89081383211,susds_susdc
2026-03-01,ethereum,sUSDS,99,1189715.114849044,susds_susdc
2026-03-01,ethereum,sUSDS,128,760004.7389457234,susds_susdc
2026-03-01,ethereum,sUSDS,183,11113.764428103525,susds_susdc
2026-03-01,ethereum,sUSDS,186,0.0001306222871646,susds_susdc
2026-03-01,ethereum,sUSDS,188,0.0001783336919518,susds_susdc
2026-03-01,ethereum,sUSDS,303,0.0018380431961377,susds_susdc
2026-03-01,ethereum,sUSDS,1001,795.1737336840521,susds_susdc
2026-03-01,ethereum,sUSDS,1002,29193.370606192297,susds_susdc
2026-03-01,ethereum,sUSDS,1003,58520.44249491368,susds_susdc
2026-03-01,ethereum,sUSDS,1004,1201.7933092228436,susds_susdc
2026-03-01,ethereum,sUSDS,1007,11131.847598719756,susds_susdc
2026-03-01,ethereum,sUSDS,1015,1.3365717880808872e-05,susds_susdc
2026-03-01,ethereum,sUSDS,2001,0.0016246835496007,susds_susdc
2026-03-01,ethereum,sUSDS,2002,174574.27559348385,susds_susdc
2026-03-01,ethereum,sUSDS,2005,17144.96836066166,susds_susdc
2026-03-01,ethereum,sUSDS,13425,0.0001680721428833,susds_susdc
2026-03-01,ethereum,spETH,-999999,0.0,sp
2026-03-01,ethereum,spETH,128,0.0,sp
2026-03-01,ethereum,spETH,186,0.0,sp
2026-03-01,ethereum,spETH,202,0.0,sp
2026-03-01,ethereum,spETH,205,0.0,sp
2026-03-01,ethereum,spETH,1017,0.0,sp
2026-03-01,ethereum,spPYUSD,128,66.14825288914626,sp
2026-03-01,ethereum,spPYUSD,132,0.0119981988758253,sp
2026-03-01,ethereum,spUSDC,128,59593.74533924208,sp
2026-03-01,ethereum,spUSDC,131,3536.735780258597,sp
2026-03-01,ethereum,spUSDC,186,70.26378952665561,sp
2026-03-01,ethereum,spUSDC,190,620.2687614223433,sp
2026-03-01,ethereum,spUSDC,198,0.0168728876213139,sp
2026-03-01,ethereum,spUSDC,200,5.259007041776051,sp
2026-03-01,ethereum,spUSDC,202,0.1783631146134853,sp
2026-03-01,ethereum,spUSDC,204,3.080614387616751,sp
2026-03-01,ethereum,spUSDC,205,0.1975914559891904,sp
2026-03-01,ethereum,spUSDC,1017,0.072217160045219,sp
2026-03-01,ethereum,spUSDT,128,58753.237470020336,sp
2026-03-01,ethereum,spUSDT,130,6315.989212986158,sp
2026-03-01,ethereum,spUSDT,186,197.63486241321883,sp
2026-03-01,ethereum,spUSDT,188,5889.436200565305,sp
2026-03-01,ethereum,spUSDT,190,152.37783182950014,sp
2026-03-01,ethereum,spUSDT,191,8197.761337770486,sp
2026-03-01,ethereum,spUSDT,198,0.0022106769193196,sp
2026-03-01,ethereum,spUSDT,200,0.4806163654193227,sp
2026-03-01,ethereum,spUSDT,202,42.34435514159792,sp
2026-03-01,ethereum,stUSDS,-999999,8379.943235092931,stusds
2026-03-01,ethereum,stUSDS,0,0.0049371990973134,stusds
2026-03-01,ethereum,stUSDS,1,2945.7939443625096,stusds
2026-03-01,ethereum,stUSDS,197,5576.068892074833,stusds
2026-03-01,optimism,sUSDC,127,3364.4620884360165,susds_susdc
2026-03-01,optimism,sUSDC,128,5244.774839608021,susds_susdc
2026-03-01,optimism,sUSDC,194,0.0818131658621678,susds_susdc
2026-03-01,optimism,sUSDC,204,0.3000508390542945,susds_susdc
2026-03-01,optimism,sUSDC,1017,0.3024628999487657,susds_susdc
2026-03-01,optimism,sUSDS,1,149.26474075168844,psm3
2026-03-01,optimism,sUSDS,99,76513.30019113686,psm3
2026-03-01,optimism,sUSDS,128,1163.681744058268,psm3
2026-03-01,optimism,sUSDS,10000,0.0011765079170182,psm3
2026-03-01,optimism,sUSDS,10001,8609.921254949053,psm3
2026-03-01,unichain,sUSDC,0,3.2232703474691245e-10,susds_susdc
2026-03-01,unichain,sUSDC,127,5.6232621060020005,susds_susdc
2026-03-01,unichain,sUSDC,128,263.56531018039897,susds_susdc
2026-03-01,unichain,sUSDC,1017,0.0003914429711949,susds_susdc
2026-03-01,unichain,sUSDS,1,0.5682695572591384,psm3
2026-03-01,unichain,sUSDS,99,43545.45043797236,psm3
2026-03-01,unichain,sUSDS,128,3.312281965009497,psm3
2026-03-01,unichain,sUSDS,10000,0.0003122184026318,psm3
2026-03-01,unichain,sUSDS,10001,269.1889637295731,psm3
2026-04-01,arbitrum,sUSDC,0,0.0016670788740985,susds_susdc
2026-04-01,arbitrum,sUSDC,127,905.7358255231194,susds_susdc
2026-04-01,arbitrum,sUSDC,128,50245.67858479967,susds_susdc
2026-04-01,arbitrum,sUSDC,182,7.762903554746092e-06,susds_susdc
2026-04-01,arbitrum,sUSDC,190,0.0033640633769375,susds_susdc
2026-04-01,arbitrum,sUSDC,194,3.968526169656138,susds_susdc
2026-04-01,arbitrum,sUSDC,195,0.7038418053265579,susds_susdc
2026-04-01,arbitrum,sUSDC,196,0.2461022382650115,susds_susdc
2026-04-01,arbitrum,sUSDC,204,72.9663414857985,susds_susdc
2026-04-01,arbitrum,sUSDC,555,0.0041444209757199,susds_susdc
2026-04-01,arbitrum,sUSDC,1004,0.0044384148944596,susds_susdc
2026-04-01,arbitrum,sUSDC,1017,190.36159592043356,susds_susdc
2026-04-01,arbitrum,sUSDS,1,2150.99367545251,psm3
2026-04-01,arbitrum,sUSDS,2,6.522611839858584e-15,psm3
2026-04-01,arbitrum,sUSDS,99,89114.0284468789,psm3
2026-04-01,arbitrum,sUSDS,128,2686.93739117682,psm3
2026-04-01,arbitrum,sUSDS,171,0.0002721937176473,psm3
2026-04-01,arbitrum,sUSDS,200,0.0013388146027079,psm3
2026-04-01,arbitrum,sUSDS,1004,2.702851501048264e-22,psm3
2026-04-01,arbitrum,sUSDS,3000,0.0001041748008837,psm3
2026-04-01,arbitrum,sUSDS,3333,0.0034282560335455,psm3
2026-04-01,arbitrum,sUSDS,10000,1197.6780005601413,psm3
2026-04-01,arbitrum,sUSDS,10001,51419.67443968339,psm3
2026-04-01,avalanche_c,spUSDC,128,6525.998724155748,sp
2026-04-01,avalanche_c,spUSDC,131,21.66213462411273,sp
2026-04-01,avalanche_c,spUSDC,190,2040.4489983315143,sp
2026-04-01,avalanche_c,spUSDC,191,28.198307669192516,sp
2026-04-01,avalanche_c,spUSDC,198,1.5347909889028614e-05,sp
2026-04-01,base,sUSDC,0,0.1098198323911879,susds_susdc
2026-04-01,base,sUSDC,127,279.8496148676537,susds_susdc
2026-04-01,base,sUSDC,128,5116.213292198278,susds_susdc
2026-04-01,base,sUSDC,129,0.213290069311691,susds_susdc
2026-04-01,base,sUSDC,182,0.0236204913082652,susds_susdc
2026-04-01,base,sUSDC,200,8.723909687969351e-05,susds_susdc
2026-04-01,base,sUSDC,204,0.3996662208642009,susds_susdc
2026-04-01,base,sUSDC,1004,0.0086291797634317,susds_susdc
2026-04-01,base,sUSDC,1017,2.8859070678916576,susds_susdc
2026-04-01,base,sUSDS,1,451.3867397813686,psm3
2026-04-01,base,sUSDS,2,7.165955390474755e-18,psm3
2026-04-01,base,sUSDS,99,82505.98966945177,psm3
2026-04-01,base,sUSDS,128,2168.7537272669097,psm3
2026-04-01,base,sUSDS,129,0.6810838407467346,psm3
2026-04-01,base,sUSDS,170,1.3361925086204767e-05,psm3
2026-04-01,base,sUSDS,171,0.0017960597724736003,psm3
2026-04-01,base,sUSDS,200,1.0027319179082705e-08,psm3
2026-04-01,base,sUSDS,204,0.0144310812878126,psm3
2026-04-01,base,sUSDS,1004,1.97450216768098e-22,psm3
2026-04-01,base,sUSDS,1015,6.281994896360236e-05,psm3
2026-04-01,base,sUSDS,1017,0.0132760872114866,psm3
2026-04-01,base,sUSDS,3333,0.48457409314536787,psm3
2026-04-01,base,sUSDS,9998,0.0006914550557539465,psm3
2026-04-01,base,sUSDS,10000,372.58160586930074,psm3
2026-04-01,base,sUSDS,10001,5399.703927166554,psm3
2026-04-01,ethereum,USDS,4001,23261.2716647824,usds_ref4001
2026-04-01,ethereum,USDS,9001,15967.75678579985,usds_aave
2026-04-01,ethereum,USDS-CLE,-999999,1235.5299872811368,farms
2026-04-01,ethereum,USDS-CLE,0,1121.4381124454742,farms
2026-04-01,ethereum,USDS-CLE,1,5552.854341944114,farms
2026-04-01,ethereum,USDS-CLE,128,2642.932151576144,farms
2026-04-01,ethereum,USDS-CLE,1001,42.280513458804656,farms
2026-04-01,ethereum,USDS-CLE,1002,0.6150273113556131,farms
2026-04-01,ethereum,USDS-SKY,-999999,3634.382100657698,farms
2026-04-01,ethereum,USDS-SKY,0,0.210514239737068,farms
2026-04-01,ethereum,USDS-SKY,1,1747.6126255577624,farms
2026-04-01,ethereum,USDS-SKY,128,1853.8637651654724,farms
2026-04-01,ethereum,USDS-SKY,1001,624.4763085352918,farms
2026-04-01,ethereum,USDS-SKY,1002,1.233092660265811,farms
2026-04-01,ethereum,USDS-SKY,1007,2.736057282538434,farms
2026-04-01,ethereum,USDS-SKY,1016,0.1477356033786593,farms
2026-04-01,ethereum,USDS-SKY,13425,641.1623492109941,farms
2026-04-01,ethereum,USDS-SPK,-999999,397.73319432184826,farms
2026-04-01,ethereum,USDS-SPK,0,179.82666709926744,farms
2026-04-01,ethereum,USDS-SPK,1,11558.71954463901,farms
2026-04-01,ethereum,USDS-SPK,128,299366.4901370534,farms
2026-04-01,ethereum,USDS-SPK,1007,5225.033275171423,farms
2026-04-01,ethereum,USDS-SPK,1016,0.4422224278365224,farms
2026-04-01,ethereum,sUSDC,0,29.68849686788477,susds_susdc
2026-04-01,ethereum,sUSDC,127,383.7801264585944,susds_susdc
2026-04-01,ethereum,sUSDC,128,32607.49986068081,susds_susdc
2026-04-01,ethereum,sUSDC,186,1372.0100777453858,susds_susdc
2026-04-01,ethereum,sUSDC,188,6054.86960059482,susds_susdc
2026-04-01,ethereum,sUSDC,190,25.01341857950006,susds_susdc
2026-04-01,ethereum,sUSDC,191,2295.743077639676,susds_susdc
2026-04-01,ethereum,sUSDC,192,37688.16905791436,susds_susdc
2026-04-01,ethereum,sUSDC,194,0.3063248738675366,susds_susdc
2026-04-01,ethereum,sUSDC,195,4967.6198299586895,susds_susdc
2026-04-01,ethereum,sUSDC,204,0.0004399826253832,susds_susdc
2026-04-01,ethereum,sUSDC,216,377.4494563617,susds_susdc
2026-04-01,ethereum,sUSDC,1017,21.135918991219707,susds_susdc
2026-04-01,ethereum,sUSDS,0,9239.057083180563,susds_susdc
2026-04-01,ethereum,sUSDS,1,88607.65340233149,susds_susdc
2026-04-01,ethereum,sUSDS,99,1207233.703564402,susds_susdc
2026-04-01,ethereum,sUSDS,128,786852.9375424085,susds_susdc
2026-04-01,ethereum,sUSDS,183,9912.9679248368,susds_susdc
2026-04-01,ethereum,sUSDS,186,0.0001267985497343,susds_susdc
2026-04-01,ethereum,sUSDS,188,0.0002315347902705,susds_susdc
2026-04-01,ethereum,sUSDS,190,7.619523117508173,susds_susdc
2026-04-01,ethereum,sUSDS,204,0.0005027874238897,susds_susdc
2026-04-01,ethereum,sUSDS,219,14.263484409268685,susds_susdc
2026-04-01,ethereum,sUSDS,303,0.0017842377183736,susds_susdc
2026-04-01,ethereum,sUSDS,1001,763.0786765492209,susds_susdc
2026-04-01,ethereum,sUSDS,1002,28944.498418091065,susds_susdc
2026-04-01,ethereum,sUSDS,1003,40385.98777047364,susds_susdc
2026-04-01,ethereum,sUSDS,1004,1746.8081306368847,susds_susdc
2026-04-01,ethereum,sUSDS,1007,8884.395859643158,susds_susdc
2026-04-01,ethereum,sUSDS,1015,1.297446002694111e-05,susds_susdc
2026-04-01,ethereum,sUSDS,2000,2.2340667242077928e-06,susds_susdc
2026-04-01,ethereum,sUSDS,2001,82.24301693728246,susds_susdc
2026-04-01,ethereum,sUSDS,2002,116737.37465030182,susds_susdc
2026-04-01,ethereum,sUSDS,2003,2.2460466125637227e-15,susds_susdc
2026-04-01,ethereum,sUSDS,2005,8259.87631199609,susds_susdc
2026-04-01,ethereum,sUSDS,2222,10.677765476597324,susds_susdc
2026-04-01,ethereum,sUSDS,3000,2.069268572526597e-06,susds_susdc
2026-04-01,ethereum,sUSDS,4011,0.0010422326618665,susds_susdc
2026-04-01,ethereum,sUSDS,13425,0.0001631521268763,susds_susdc
2026-04-01,ethereum,spETH,-999999,0.0,sp
2026-04-01,ethereum,spETH,128,0.0,sp
2026-04-01,ethereum,spETH,186,0.0,sp
2026-04-01,ethereum,spETH,190,0.0,sp
2026-04-01,ethereum,spETH,202,0.0,sp
2026-04-01,ethereum,spETH,204,0.0,sp
2026-04-01,ethereum,spETH,205,0.0,sp
2026-04-01,ethereum,spETH,1017,0.0,sp
2026-04-01,ethereum,spPYUSD,128,156.43827860146808,sp
2026-04-01,ethereum,spPYUSD,132,0.0081024718028665,sp
2026-04-01,ethereum,spUSDC,0,4.772900470832357e-07,sp
2026-04-01,ethereum,spUSDC,128,64065.15803967868,sp
2026-04-01,ethereum,spUSDC,131,4652.668383039989,sp
2026-04-01,ethereum,spUSDC,186,325.9814220217969,sp
2026-04-01,ethereum,spUSDC,190,720.384218185125,sp
2026-04-01,ethereum,spUSDC,198,0.016429891932959,sp
2026-04-01,ethereum,spUSDC,200,32.09050511442707,sp
2026-04-01,ethereum,spUSDC,202,0.1737910058927882,sp
2026-04-01,ethereum,spUSDC,204,4.560663661147945,sp
2026-04-01,ethereum,spUSDC,205,0.2057577664733536,sp
2026-04-01,ethereum,spUSDC,1017,0.0464197016558509,sp
2026-04-01,ethereum,spUSDT,128,116887.7372186133,sp
2026-04-01,ethereum,spUSDT,130,4736.493484507669,sp
2026-04-01,ethereum,spUSDT,186,517.1053600318808,sp
2026-04-01,ethereum,spUSDT,188,12300.613915914826,sp
2026-04-01,ethereum,spUSDT,190,135.17377143079602,sp
2026-04-01,ethereum,spUSDT,191,11307.88327657582,sp
2026-04-01,ethereum,spUSDT,198,0.002144989130188,sp
2026-04-01,ethereum,spUSDT,200,0.5034409367035659,sp
2026-04-01,ethereum,spUSDT,202,40.040278970950425,sp
2026-04-01,ethereum,stUSDS,-999999,3403.7477577220566,stusds
2026-04-01,ethereum,stUSDS,0,0.0048016621053133,stusds
2026-04-01,ethereum,stUSDS,1,3010.982579412556,stusds
2026-04-01,ethereum,stUSDS,197,8508.930721916859,stusds
2026-04-01,optimism,sUSDC,0,0.0002117189318191,susds_susdc
2026-04-01,optimism,sUSDC,127,2039.4141906634588,susds_susdc
2026-04-01,optimism,sUSDC,128,3963.0377022232674,susds_susdc
2026-04-01,optimism,sUSDC,194,0.0227602669347408,susds_susdc
2026-04-01,optimism,sUSDC,204,0.2118209515979865,susds_susdc
2026-04-01,optimism,sUSDC,1017,0.1179796663062904,susds_susdc
2026-04-01,optimism,sUSDS,1,138.6032200449473,psm3
2026-04-01,optimism,sUSDS,99,76625.28551663243,psm3
2026-04-01,optimism,sUSDS,128,1139.208320476198,psm3
2026-04-01,optimism,sUSDS,129,0.000147544746349,psm3
2026-04-01,optimism,sUSDS,200,5.693730948602071e-09,psm3
2026-04-01,optimism,sUSDS,3000,3.636000504719554e-05,psm3
2026-04-01,optimism,sUSDS,10000,0.0005647357924732,psm3
2026-04-01,optimism,sUSDS,10001,6002.804665490636,psm3
2026-04-01,unichain,sUSDC,0,0.0020247839941735,susds_susdc
2026-04-01,unichain,sUSDC,127,4.577506949893209,susds_susdc
2026-04-01,unichain,sUSDC,128,141.2425146599787,susds_susdc
2026-04-01,unichain,sUSDC,200,5.377412562568621e-09,susds_susdc
2026-04-01,unichain,sUSDC,1017,0.0003799841675461,susds_susdc
2026-04-01,unichain,sUSDS,1,0.55159729300586,psm3
2026-04-01,unichain,sUSDS,99,42386.33202225146,psm3
2026-04-01,unichain,sUSDS,128,3.103988081038786,psm3
2026-04-01,unichain,sUSDS,200,2.846859252936129e-09,psm3
2026-04-01,unichain,sUSDS,10000,0.0003362711107864,psm3
2026-04-01,unichain,sUSDS,10001,145.8224263832931,psm3
2026-05-01,arbitrum,sUSDC,0,0.0027582104523308,susds_susdc
2026-05-01,arbitrum,sUSDC,127,743.4304349581357,susds_susdc
2026-05-01,arbitrum,sUSDC,128,51283.74899821933,susds_susdc
2026-05-01,arbitrum,sUSDC,182,8.045885563588812e-06,susds_susdc
2026-05-01,arbitrum,sUSDC,190,0.0034866939629761,susds_susdc
2026-05-01,arbitrum,sUSDC,194,4.062230649721107,susds_susdc
2026-05-01,arbitrum,sUSDC,195,1.8777629729865384,susds_susdc
2026-05-01,arbitrum,sUSDC,196,0.2545845933201827,susds_susdc
2026-05-01,arbitrum,sUSDC,204,75.62726019127852,susds_susdc
2026-05-01,arbitrum,sUSDC,555,0.0042954980263271,susds_susdc
2026-05-01,arbitrum,sUSDC,1004,0.0046002089389243,susds_susdc
2026-05-01,arbitrum,sUSDC,1017,0.2319006892943015,susds_susdc
2026-05-01,arbitrum,sUSDS,1,2524.2344706520835,psm3
2026-05-01,arbitrum,sUSDS,2,6.760381353331373e-15,psm3
2026-05-01,arbitrum,sUSDS,99,93529.32404212531,psm3
2026-05-01,arbitrum,sUSDS,128,2729.122668054616,psm3
2026-05-01,arbitrum,sUSDS,171,0.0002821160262875,psm3
2026-05-01,arbitrum,sUSDS,1004,3.2970138053925414e-19,psm3
2026-05-01,arbitrum,sUSDS,3000,0.0009374372942223,psm3
2026-05-01,arbitrum,sUSDS,3333,0.0040368938739982,psm3
2026-05-01,arbitrum,sUSDS,10000,1020.2903751763484,psm3
2026-05-01,arbitrum,sUSDS,10001,52109.248320931525,psm3
2026-05-01,avalanche_c,spUSDC,128,3320.068058616654,sp
2026-05-01,avalanche_c,spUSDC,131,1.7648901040275335,sp
2026-05-01,avalanche_c,spUSDC,190,1553.3654448229352,sp
2026-05-01,avalanche_c,spUSDC,191,29.591187686639348,sp
2026-05-01,avalanche_c,spUSDC,198,1.610603329291496e-05,sp
2026-05-01,base,sUSDC,0,0.1308808580879391,susds_susdc
2026-05-01,base,sUSDC,127,205.00971020273008,susds_susdc
2026-05-01,base,sUSDC,128,4090.362666290267,susds_susdc
2026-05-01,base,sUSDC,129,0.5917428320463922,susds_susdc
2026-05-01,base,sUSDC,182,0.0244815317724583,susds_susdc
2026-05-01,base,sUSDC,200,9.29687803588014e-05,susds_susdc
2026-05-01,base,sUSDC,204,0.2500510115686728,susds_susdc
2026-05-01,base,sUSDC,206,0.0005301148553597,susds_susdc
2026-05-01,base,sUSDC,1004,0.0089437402377311,susds_susdc
2026-05-01,base,sUSDC,1017,2.1722285507954573,susds_susdc
2026-05-01,base,sUSDS,1,430.0404472106926,psm3
2026-05-01,base,sUSDS,2,3.678184427359396e-18,psm3
2026-05-01,base,sUSDS,99,87423.20818359524,psm3
2026-05-01,base,sUSDS,128,2041.003439819212,psm3
2026-05-01,base,sUSDS,129,0.8945496485806241,psm3
2026-05-01,base,sUSDS,170,1.3849008865648146e-05,psm3
2026-05-01,base,sUSDS,171,0.0018615317442470043,psm3
2026-05-01,base,sUSDS,204,0.018459129628630798,psm3
2026-05-01,base,sUSDS,1004,8.892387110785337e-21,psm3
2026-05-01,base,sUSDS,1015,6.51099317294257e-05,psm3
2026-05-01,base,sUSDS,1017,0.013760041933090801,psm3
2026-05-01,base,sUSDS,3001,2.6596740899378465e-08,psm3
2026-05-01,base,sUSDS,3333,0.48087061722505053,psm3
2026-05-01,base,sUSDS,9998,0.0002558217756159816,psm3
2026-05-01,base,sUSDS,10000,18.972818505355626,psm3
2026-05-01,base,sUSDS,10001,4298.551328101136,psm3
2026-05-01,ethereum,USDS,4001,22648.40488910128,usds_ref4001
2026-05-01,ethereum,USDS,9001,9527.38787911018,usds_aave
2026-05-01,ethereum,USDS-CLE,-999999,893.9614049883402,farms
2026-05-01,ethereum,USDS-CLE,0,340.38485218245245,farms
2026-05-01,ethereum,USDS-CLE,1,8195.196856781844,farms
2026-05-01,ethereum,USDS-CLE,128,2314.2003045853626,farms
2026-05-01,ethereum,USDS-CLE,1001,43.59855580557127,farms
2026-05-01,ethereum,USDS-CLE,1002,0.6355282217341335,farms
2026-05-01,ethereum,USDS-SKY,-999999,3717.355529435626,farms
2026-05-01,ethereum,USDS-SKY,0,0.2183282791814815,farms
2026-05-01,ethereum,USDS-SKY,1,1012.7506996229462,farms
2026-05-01,ethereum,USDS-SKY,128,221.3950610083519,farms
2026-05-01,ethereum,USDS-SKY,1001,77.3364647179617,farms
2026-05-01,ethereum,USDS-SKY,1002,1.274195748941338,farms
2026-05-01,ethereum,USDS-SKY,1007,0.4952005891537387,farms
2026-05-01,ethereum,USDS-SKY,13425,9.669231707178575,farms
2026-05-01,ethereum,USDS-SPK,-999999,172.4847175542089,farms
2026-05-01,ethereum,USDS-SPK,0,115.57689776385293,farms
2026-05-01,ethereum,USDS-SPK,1,12022.194630382744,farms
2026-05-01,ethereum,USDS-SPK,128,400011.9462783306,farms
2026-05-01,ethereum,USDS-SPK,224,396.99729625506376,farms
2026-05-01,ethereum,USDS-SPK,1007,1445.042201719432,farms
2026-05-01,ethereum,sUSDC,0,23.59250068012338,susds_susdc
2026-05-01,ethereum,sUSDC,127,766.1228482185562,susds_susdc
2026-05-01,ethereum,sUSDC,128,26450.5323804868,susds_susdc
2026-05-01,ethereum,sUSDC,186,491.5653068215305,susds_susdc
2026-05-01,ethereum,sUSDC,188,944.1130087921326,susds_susdc
2026-05-01,ethereum,sUSDC,190,0.006044637811918,susds_susdc
2026-05-01,ethereum,sUSDC,191,3357.408810880088,susds_susdc
2026-05-01,ethereum,sUSDC,192,26401.20299964372,susds_susdc
2026-05-01,ethereum,sUSDC,194,0.3174913694389689,susds_susdc
2026-05-01,ethereum,sUSDC,195,3081.036539985167,susds_susdc
2026-05-01,ethereum,sUSDC,204,0.0004214875435694,susds_susdc
2026-05-01,ethereum,sUSDC,216,471.89007688000703,susds_susdc
2026-05-01,ethereum,sUSDC,1017,6.124472023857216,susds_susdc
2026-05-01,ethereum,sUSDS,0,14171.755184173166,susds_susdc
2026-05-01,ethereum,sUSDS,1,99522.3146950325,susds_susdc
2026-05-01,ethereum,sUSDS,99,1432988.5883299145,susds_susdc
2026-05-01,ethereum,sUSDS,128,735679.7074055066,susds_susdc
2026-05-01,ethereum,sUSDS,183,11847.596192241095,susds_susdc
2026-05-01,ethereum,sUSDS,186,0.0001314207517325,susds_susdc
2026-05-01,ethereum,sUSDS,188,3610.2056950289775,susds_susdc
2026-05-01,ethereum,sUSDS,190,6.798079782737516,susds_susdc
2026-05-01,ethereum,sUSDS,200,0.0037413186835405,susds_susdc
2026-05-01,ethereum,sUSDS,204,0.0005307831445317,susds_susdc
2026-05-01,ethereum,sUSDS,224,4185.174239133085,susds_susdc
2026-05-01,ethereum,sUSDS,303,0.0018492787394603,susds_susdc
2026-05-01,ethereum,sUSDS,1001,787.3766333979717,susds_susdc
2026-05-01,ethereum,sUSDS,1002,33173.24177375632,susds_susdc
2026-05-01,ethereum,sUSDS,1003,39570.15723846952,susds_susdc
2026-05-01,ethereum,sUSDS,1004,2744.467536190416,susds_susdc
2026-05-01,ethereum,sUSDS,1007,9316.851042811795,susds_susdc
2026-05-01,ethereum,sUSDS,1015,1.3447419498378656e-05,susds_susdc
2026-05-01,ethereum,sUSDS,2000,4.24958335704858e-06,susds_susdc
2026-05-01,ethereum,sUSDS,2001,8467.99352994732,susds_susdc
2026-05-01,ethereum,sUSDS,2002,3.573038039092102e-09,susds_susdc
2026-05-01,ethereum,sUSDS,2003,1.3723579194193954e-08,susds_susdc
2026-05-01,ethereum,sUSDS,2008,12035.78137657872,susds_susdc
2026-05-01,ethereum,sUSDS,2222,14.746531904549192,susds_susdc
2026-05-01,ethereum,sUSDS,3000,0.0006642433551139,susds_susdc
2026-05-01,ethereum,sUSDS,4011,76.33899163024161,susds_susdc
2026-05-01,ethereum,sUSDS,13425,0.000169099529969,susds_susdc
2026-05-01,ethereum,spETH,-999999,0.0,sp
2026-05-01,ethereum,spETH,128,0.0,sp
2026-05-01,ethereum,spETH,186,0.0,sp
2026-05-01,ethereum,spETH,202,0.0,sp
2026-05-01,ethereum,spETH,204,0.0,sp
2026-05-01,ethereum,spETH,205,0.0,sp
2026-05-01,ethereum,spETH,214,0.0,sp
2026-05-01,ethereum,spETH,1017,0.0,sp
2026-05-01,ethereum,spPYUSD,128,147.093285864086,sp
2026-05-01,ethereum,spPYUSD,132,0.0004486262090832,sp
2026-05-01,ethereum,spUSDC,0,1.4911404290327084e-05,sp
2026-05-01,ethereum,spUSDC,128,106638.96054019766,sp
2026-05-01,ethereum,spUSDC,131,3909.9096965145914,sp
2026-05-01,ethereum,spUSDC,186,700.1053095802848,sp
2026-05-01,ethereum,spUSDC,190,1096.381562706557,sp
2026-05-01,ethereum,spUSDC,198,0.0171186125864135,sp
2026-05-01,ethereum,spUSDC,200,91.57472388984816,sp
2026-05-01,ethereum,spUSDC,202,1.7296583136841994,sp
2026-05-01,ethereum,spUSDC,205,0.2127711426309872,sp
2026-05-01,ethereum,spUSDC,214,6.709176351375614e-06,sp
2026-05-01,ethereum,spUSDC,223,0.0011179653773255,sp
2026-05-01,ethereum,spUSDC,1017,0.0483655578664718,sp
2026-05-01,ethereum,spUSDC,4012,0.0001030555407685,sp
2026-05-01,ethereum,spUSDT,128,171768.11380974212,sp
2026-05-01,ethereum,spUSDT,130,4041.56891910306,sp
2026-05-01,ethereum,spUSDT,186,347.9048772550315,sp
2026-05-01,ethereum,spUSDT,188,7694.248891429038,sp
2026-05-01,ethereum,spUSDT,190,85.21628261117516,sp
2026-05-01,ethereum,spUSDT,191,22118.93964056115,sp
2026-05-01,ethereum,spUSDT,198,0.0022215974478269,sp
2026-05-01,ethereum,spUSDT,200,0.0172432055902348,sp
2026-05-01,ethereum,spUSDT,202,31.89591873227368,sp
2026-05-01,ethereum,spUSDT,214,6.222502325439388e-06,sp
2026-05-01,ethereum,spUSDT,223,0.0001388525202498,sp
2026-05-01,ethereum,stUSDS,-999999,3088.4834466001043,stusds
2026-05-01,ethereum,stUSDS,0,0.004991336380264,stusds
2026-05-01,ethereum,stUSDS,1,3711.545437176376,stusds
2026-05-01,ethereum,stUSDS,197,10729.876247816592,stusds
2026-05-01,ethereum,stUSDS,2002,1.3613582247595744e-08,stusds
2026-05-01,optimism,sUSDC,0,0.0004038404561242,susds_susdc
2026-05-01,optimism,sUSDC,127,108.56482370989414,susds_susdc
2026-05-01,optimism,sUSDC,128,2707.2304929615475,susds_susdc
2026-05-01,optimism,sUSDC,204,0.0874451124918446,susds_susdc
2026-05-01,optimism,sUSDC,1017,0.1127634505593381,susds_susdc
2026-05-01,optimism,sUSDS,1,140.8413233912452,psm3
2026-05-01,optimism,sUSDS,99,82614.20965094061,psm3
2026-05-01,optimism,sUSDS,128,1393.483324373652,psm3
2026-05-01,optimism,sUSDS,129,0.0009013563703056,psm3
2026-05-01,optimism,sUSDS,3000,0.0004243790006182,psm3
2026-05-01,optimism,sUSDS,10000,0.0023522162871074,psm3
2026-05-01,optimism,sUSDS,10001,2815.9959290750908,psm3
2026-05-01,unichain,sUSDC,0,0.0031284952771249,susds_susdc
2026-05-01,unichain,sUSDC,127,1.4628722361920183,susds_susdc
2026-05-01,unichain,sUSDC,128,79.35172495467694,susds_susdc
2026-05-01,unichain,sUSDC,1017,0.0003938357737528,susds_susdc
2026-05-01,unichain,sUSDS,1,0.5717047320518563,psm3
2026-05-01,unichain,sUSDS,99,44001.77663316874,psm3
2026-05-01,unichain,sUSDS,128,3.2063120771049727,psm3
2026-05-01,unichain,sUSDS,10000,0.0003485292399483,psm3
2026-05-01,unichain,sUSDS,10001,80.81811952179764,psm3
2026-06-01,arbitrum,sUSDC,0,0.0001614187192581,susds_susdc
2026-06-01,arbitrum,sUSDC,127,813.4838885323056,susds_susdc
2026-06-01,arbitrum,sUSDC,128,51414.28677612732,susds_susdc
2026-06-01,arbitrum,sUSDC,182,7.809493097129642e-06,susds_susdc
2026-06-01,arbitrum,sUSDC,190,0.0033842530098725,susds_susdc
2026-06-01,arbitrum,sUSDC,194,3.821122271300565,susds_susdc
2026-06-01,arbitrum,sUSDC,196,0.2463520458960491,susds_susdc
2026-06-01,arbitrum,sUSDC,200,3.1316244261512983e-09,susds_susdc
2026-06-01,arbitrum,sUSDC,204,70.80479805160924,susds_susdc
2026-06-01,arbitrum,sUSDC,555,0.0041692939727038,susds_susdc
2026-06-01,arbitrum,sUSDC,1004,0.0044650523140002,susds_susdc
2026-06-01,arbitrum,sUSDC,1017,0.2250873217062831,susds_susdc
2026-06-01,arbitrum,sUSDC,3006,3.598096163206744e-06,susds_susdc
2026-06-01,arbitrum,sUSDS,1,2330.4538811640973,psm3
2026-06-01,arbitrum,sUSDS,2,6.561763966063521e-15,psm3
2026-06-01,arbitrum,sUSDS,99,89253.1246280513,psm3
2026-06-01,arbitrum,sUSDS,128,2844.236492628519,psm3
2026-06-01,arbitrum,sUSDS,129,0.0531551749088673,psm3
2026-06-01,arbitrum,sUSDS,171,0.0002738273049585,psm3
2026-06-01,arbitrum,sUSDS,3000,0.00105449771357,psm3
2026-06-01,arbitrum,sUSDS,3333,0.0070638706218209,psm3
2026-06-01,arbitrum,sUSDS,10000,718.2050891972563,psm3
2026-06-01,arbitrum,sUSDS,10001,52302.88021577915,psm3
2026-06-01,avalanche_c,spUSDC,128,2611.465735122576,sp
2026-06-01,avalanche_c,spUSDC,131,12.93445320690996,sp
2026-06-01,avalanche_c,spUSDC,190,380.5851638776069,sp
2026-06-01,avalanche_c,spUSDC,191,27.851700106357136,sp
2026-06-01,avalanche_c,spUSDC,198,1.5159256665450056e-05,sp
2026-06-01,base,sUSDC,0,0.11387970751543,susds_susdc
2026-06-01,base,sUSDC,127,222.906703608204,susds_susdc
2026-06-01,base,sUSDC,128,2580.3738463762047,susds_susdc
2026-06-01,base,sUSDC,129,41.014214722040506,susds_susdc
2026-06-01,base,sUSDC,182,0.0237622511373247,susds_susdc
2026-06-01,base,sUSDC,200,8.796353211811769e-05,susds_susdc
2026-06-01,base,sUSDC,204,0.1654918239577579,susds_susdc
2026-06-01,base,sUSDC,206,0.0008226657739649,susds_susdc
2026-06-01,base,sUSDC,1004,0.0086809683156775,susds_susdc
2026-06-01,base,sUSDC,1017,2.0562633237507435,susds_susdc
2026-06-01,base,sUSDS,1,374.1196284157239,psm3
2026-06-01,base,sUSDS,2,3.999742261265073e-20,psm3
2026-06-01,base,sUSDS,99,86998.80116817995,psm3
2026-06-01,base,sUSDS,128,1206.199840469811,psm3
2026-06-01,base,sUSDS,129,0.7819731310092234,psm3
2026-06-01,base,sUSDS,170,1.3442117500130735e-05,psm3
2026-06-01,base,sUSDS,171,0.0018068389354895,psm3
2026-06-01,base,sUSDS,184,0.0001939121943127,psm3
2026-06-01,base,sUSDS,204,0.0056737228181606,psm3
2026-06-01,base,sUSDS,1015,6.31969667449173e-05,psm3
2026-06-01,base,sUSDS,1017,0.0133557644641364,psm3
2026-06-01,base,sUSDS,3000,0.0552019374101366,psm3
2026-06-01,base,sUSDS,3001,2.092271376561111e-07,psm3
2026-06-01,base,sUSDS,3333,0.38253042114526026,psm3
2026-06-01,base,sUSDS,9998,0.0003980914233310863,psm3
2026-06-01,base,sUSDS,10000,16.76744311283975,psm3
2026-06-01,base,sUSDS,10001,2846.6637534104343,psm3
2026-06-01,ethereum,USDS,4001,19688.270811500584,usds_ref4001
2026-06-01,ethereum,USDS,9001,5835.13804652656,usds_aave
2026-06-01,ethereum,USDS-CLE,-999999,731.8733595275274,farms
2026-06-01,ethereum,USDS-CLE,0,171.04553525016152,farms
2026-06-01,ethereum,USDS-CLE,1,7045.931579646939,farms
2026-06-01,ethereum,USDS-CLE,128,2052.7923999529944,farms
2026-06-01,ethereum,USDS-CLE,1001,39.85839680263642,farms
2026-06-01,ethereum,USDS-CLE,1002,40.09617661097724,farms
2026-06-01,ethereum,USDS-SKY,-999999,3584.6962025791595,farms
2026-06-01,ethereum,USDS-SKY,0,0.2112854314659498,farms
2026-06-01,ethereum,USDS-SKY,1,657.8992651853757,farms
2026-06-01,ethereum,USDS-SKY,128,145.6854355588288,farms
2026-06-01,ethereum,USDS-SKY,1001,63.36842156058193,farms
2026-06-01,ethereum,USDS-SKY,1002,1.233092660265811,farms
2026-06-01,ethereum,USDS-SKY,1007,0.4490237432755676,farms
2026-06-01,ethereum,USDS-SKY,13425,9.357321006947007,farms
2026-06-01,ethereum,USDS-SPK,-999999,121.17341196154143,farms
2026-06-01,ethereum,USDS-SPK,0,99.15189580086356,farms
2026-06-01,ethereum,USDS-SPK,1,9177.87527157436,farms
2026-06-01,ethereum,USDS-SPK,128,239377.0116695222,farms
2026-06-01,ethereum,USDS-SPK,224,1698.1738921153155,farms
2026-06-01,ethereum,sUSDC,0,16.979064307566066,susds_susdc
2026-06-01,ethereum,sUSDC,127,4859.3302939569885,susds_susdc
2026-06-01,ethereum,sUSDC,128,26129.89551365804,susds_susdc
2026-06-01,ethereum,sUSDC,186,449.8170001226513,susds_susdc
2026-06-01,ethereum,sUSDC,188,609.3150279780675,susds_susdc
2026-06-01,ethereum,sUSDC,190,0.0058670430860275,susds_susdc
2026-06-01,ethereum,sUSDC,191,3258.766325420516,susds_susdc
2026-06-01,ethereum,sUSDC,192,19027.372633778155,susds_susdc
2026-06-01,ethereum,sUSDC,194,0.3081633014086674,susds_susdc
2026-06-01,ethereum,sUSDC,195,835.1288408728477,susds_susdc
2026-06-01,ethereum,sUSDC,204,0.0004091040117358,susds_susdc
2026-06-01,ethereum,sUSDC,216,372.3924700452992,susds_susdc
2026-06-01,ethereum,sUSDC,1017,5.92496754587253,susds_susdc
2026-06-01,ethereum,sUSDS,0,6828.975890167876,susds_susdc
2026-06-01,ethereum,sUSDS,1,92894.96458649632,susds_susdc
2026-06-01,ethereum,sUSDS,99,1090189.0265033017,susds_susdc
2026-06-01,ethereum,sUSDS,100,0.0010533279638709,susds_susdc
2026-06-01,ethereum,sUSDS,128,990954.2512791802,susds_susdc
2026-06-01,ethereum,sUSDS,183,8767.664182055745,susds_susdc
2026-06-01,ethereum,sUSDS,184,1.3780007968400842e-05,susds_susdc
2026-06-01,ethereum,sUSDS,186,0.0001275595390169,susds_susdc
2026-06-01,ethereum,sUSDS,188,39302.26167016367,susds_susdc
2026-06-01,ethereum,sUSDS,190,4.860938632120878,susds_susdc
2026-06-01,ethereum,sUSDS,200,1650.0972680738028,susds_susdc
2026-06-01,ethereum,sUSDS,204,0.0005151884488703,susds_susdc
2026-06-01,ethereum,sUSDS,224,10955.860171172906,susds_susdc
2026-06-01,ethereum,sUSDS,303,0.0017949459306058,susds_susdc
2026-06-01,ethereum,sUSDS,1001,702.4650173574214,susds_susdc
2026-06-01,ethereum,sUSDS,1002,38551.77458072775,susds_susdc
2026-06-01,ethereum,sUSDS,1003,27312.91456409016,susds_susdc
2026-06-01,ethereum,sUSDS,1004,1723.441706189298,susds_susdc
2026-06-01,ethereum,sUSDS,1015,1.3052327045520685e-05,susds_susdc
2026-06-01,ethereum,sUSDS,2000,4.124728301224436e-06,susds_susdc
2026-06-01,ethereum,sUSDS,2001,21945.285982153167,susds_susdc
2026-06-01,ethereum,sUSDS,2002,3.4680602503654283e-09,susds_susdc
2026-06-01,ethereum,sUSDS,2003,5.202481405162402e-08,susds_susdc
2026-06-01,ethereum,sUSDS,2008,33511.04148847892,susds_susdc
2026-06-01,ethereum,sUSDS,2012,3.8016733755613336e-08,susds_susdc
2026-06-01,ethereum,sUSDS,2222,1.6091233766164e-09,susds_susdc
2026-06-01,ethereum,sUSDS,3000,5.607917482286114,susds_susdc
2026-06-01,ethereum,sUSDS,3007,5.1089435731366586e-08,susds_susdc
2026-06-01,ethereum,sUSDS,3008,3.0599199888002366e-05,susds_susdc
2026-06-01,ethereum,sUSDS,4011,0.0034375795933461,susds_susdc
2026-06-01,ethereum,sUSDS,13425,0.0001641312943844,susds_susdc
2026-06-01,ethereum,spETH,-999999,0.0,sp
2026-06-01,ethereum,spETH,128,0.0,sp
2026-06-01,ethereum,spETH,186,0.0,sp
2026-06-01,ethereum,spETH,202,0.0,sp
2026-06-01,ethereum,spETH,204,0.0,sp
2026-06-01,ethereum,spETH,214,0.0,sp
2026-06-01,ethereum,spETH,1017,0.0,sp
2026-06-01,ethereum,spPYUSD,128,139.3282846430351,sp
2026-06-01,ethereum,spPYUSD,132,0.2688005517983651,sp
2026-06-01,ethereum,spUSDC,0,0.0011486189186525,sp
2026-06-01,ethereum,spUSDC,128,44286.29402560333,sp
2026-06-01,ethereum,spUSDC,131,3534.869805523653,sp
2026-06-01,ethereum,spUSDC,186,1504.7176180715526,sp
2026-06-01,ethereum,spUSDC,190,993.973565906228,sp
2026-06-01,ethereum,spUSDC,198,0.0091150042666285,sp
2026-06-01,ethereum,spUSDC,200,78.15080675346192,sp
2026-06-01,ethereum,spUSDC,202,8.418219206071555,sp
2026-06-01,ethereum,spUSDC,205,0.2029670562487696,sp
2026-06-01,ethereum,spUSDC,214,0.1490199599907158,sp
2026-06-01,ethereum,spUSDC,223,0.0019131756254651,sp
2026-06-01,ethereum,spUSDC,1017,0.0461369656740174,sp
2026-06-01,ethereum,spUSDC,4012,0.0001583363362376,sp
2026-06-01,ethereum,spUSDT,128,130315.42018696808,sp
2026-06-01,ethereum,spUSDT,130,3451.9035246078965,sp
2026-06-01,ethereum,spUSDT,186,267.0802130983373,sp
2026-06-01,ethereum,spUSDT,188,10930.812273128802,sp
2026-06-01,ethereum,spUSDT,190,39.03541670587656,sp
2026-06-01,ethereum,spUSDT,191,22715.15522220322,sp
2026-06-01,ethereum,spUSDT,198,0.0012504899703891,sp
2026-06-01,ethereum,spUSDT,200,0.0041703549266882,sp
2026-06-01,ethereum,spUSDT,202,22.751804529636868,sp
2026-06-01,ethereum,spUSDT,214,1.154406698115298e-05,sp
2026-06-01,ethereum,spUSDT,223,0.0001639098803784,sp
2026-06-01,ethereum,spUSDT,999,0.0001136549253037,sp
2026-06-01,ethereum,stUSDS,-999999,2931.319815238268,stusds
2026-06-01,ethereum,stUSDS,0,0.0048553631810393,stusds
2026-06-01,ethereum,stUSDS,1,3042.0470361461453,stusds
2026-06-01,ethereum,stUSDS,184,1.1562736284223151e-09,stusds
2026-06-01,ethereum,stUSDS,197,8925.19938989209,stusds
2026-06-01,ethereum,stUSDS,2002,2.4253456405189995e-05,stusds
2026-06-01,optimism,sUSDC,0,0.0001475005833231,susds_susdc
2026-06-01,optimism,sUSDC,127,27.564049123101054,susds_susdc
2026-06-01,optimism,sUSDC,128,1702.5570081977803,susds_susdc
2026-06-01,optimism,sUSDC,200,3.7782755950907536e-05,susds_susdc
2026-06-01,optimism,sUSDC,204,0.0625250035312665,susds_susdc
2026-06-01,optimism,sUSDC,1017,0.1058870122154978,susds_susdc
2026-06-01,optimism,sUSDS,1,144.22428675124863,psm3
2026-06-01,optimism,sUSDS,99,81724.35020282157,psm3
2026-06-01,optimism,sUSDS,128,809.335494040457,psm3
2026-06-01,optimism,sUSDS,3000,3.195264576417316e-05,psm3
2026-06-01,optimism,sUSDS,3001,0.0017304694158383,psm3
2026-06-01,optimism,sUSDS,10000,0.0020518868260695,psm3
2026-06-01,optimism,sUSDS,10001,1730.289654620104,psm3
2026-06-01,unichain,sUSDC,0,3.831651324963103e-05,susds_susdc
2026-06-01,unichain,sUSDC,127,1.5820378772911443,susds_susdc
2026-06-01,unichain,sUSDC,128,59.21215748872768,susds_susdc
2026-06-01,unichain,sUSDC,1017,0.0003822646658615,susds_susdc
2026-06-01,unichain,sUSDS,1,0.5549077380319917,psm3
2026-06-01,unichain,sUSDS,99,42725.763396783725,psm3
2026-06-01,unichain,sUSDS,128,2.712928935679705,psm3
2026-06-01,unichain,sUSDS,10000,0.0003382892625073,psm3
2026-06-01,unichain,sUSDS,10001,60.7946159470793,psm3
2026-07-01,arbitrum,sUSDC,0,3.863334662504232e-05,susds_susdc
2026-07-01,arbitrum,sUSDC,127,445.1040539461357,susds_susdc
2026-07-01,arbitrum,sUSDC,128,33838.681084556,susds_susdc
2026-07-01,arbitrum,sUSDC,182,4.492876673678396e-06,susds_susdc
2026-07-01,arbitrum,sUSDC,190,0.0019469933857129,susds_susdc
2026-07-01,arbitrum,sUSDC,194,2.1348608444441863,susds_susdc
2026-07-01,arbitrum,sUSDC,196,0.1417287071969012,susds_susdc
2026-07-01,arbitrum,sUSDC,204,2.088874633706448,susds_susdc
2026-07-01,arbitrum,sUSDC,555,0.0023986350205692,susds_susdc
2026-07-01,arbitrum,sUSDC,1004,0.0025687876458587,susds_susdc
2026-07-01,arbitrum,sUSDC,1017,0.1293767548022658,susds_susdc
2026-07-01,arbitrum,sUSDC,3006,4.187497752877648e-05,susds_susdc
2026-07-01,arbitrum,sUSDS,1,1250.4689016792308,psm3
2026-07-01,arbitrum,sUSDS,2,3.775047540663684e-15,psm3
2026-07-01,arbitrum,sUSDS,99,44320.89713094337,psm3
2026-07-01,arbitrum,sUSDS,128,4557.768950228897,psm3
2026-07-01,arbitrum,sUSDS,129,0.2308231362917398,psm3
2026-07-01,arbitrum,sUSDS,171,0.0001575354886371,psm3
2026-07-01,arbitrum,sUSDS,3000,0.1090857283541104,psm3
2026-07-01,arbitrum,sUSDS,3333,0.0054488723189133,psm3
2026-07-01,arbitrum,sUSDS,10000,411.0419007055239,psm3
2026-07-01,arbitrum,sUSDS,10001,34288.28697885972,psm3
2026-07-01,avalanche_c,spUSDC,0,0.0001568519758723,sp
2026-07-01,avalanche_c,spUSDC,128,2401.2868553141734,sp
2026-07-01,avalanche_c,spUSDC,131,14.308864869477713,sp
2026-07-01,avalanche_c,spUSDC,190,2.199796867948872,sp
2026-07-01,avalanche_c,spUSDC,191,28.634375009855077,sp
2026-07-01,avalanche_c,spUSDC,198,1.558525470874449e-05,sp
2026-07-01,base,sUSDC,0,0.0589927308291424,susds_susdc
2026-07-01,base,sUSDC,127,114.7203360786351,susds_susdc
2026-07-01,base,sUSDC,128,1571.542783615249,susds_susdc
2026-07-01,base,sUSDC,129,43.380565643094094,susds_susdc
2026-07-01,base,sUSDC,182,0.0136706521820493,susds_susdc
2026-07-01,base,sUSDC,200,5.049070887450497e-05,susds_susdc
2026-07-01,base,sUSDC,204,0.0840604568367314,susds_susdc
2026-07-01,base,sUSDC,206,0.0004732875514595,susds_susdc
2026-07-01,base,sUSDC,1004,0.0049942447692007,susds_susdc
2026-07-01,base,sUSDC,1017,0.7562975841375489,susds_susdc
2026-07-01,base,sUSDC,3006,5.662423198558506e-05,susds_susdc
2026-07-01,base,sUSDS,1,260.8500948479587,psm3
2026-07-01,base,sUSDS,2,2.6893186928705162e-20,psm3
2026-07-01,base,sUSDS,99,16869.734561723875,psm3
2026-07-01,base,sUSDS,128,568.138066447359,psm3
2026-07-01,base,sUSDS,129,0.4015705377084887,psm3
2026-07-01,base,sUSDS,170,7.733379799436545e-06,psm3
2026-07-01,base,sUSDS,171,0.0010394918601488,psm3
2026-07-01,base,sUSDS,184,0.0002358338639711,psm3
2026-07-01,base,sUSDS,204,0.0007747534195748,psm3
2026-07-01,base,sUSDS,1015,3.635782427925164e-05,psm3
2026-07-01,base,sUSDS,1017,0.0076837000652598,psm3
2026-07-01,base,sUSDS,3000,1.373796819026433,psm3
2026-07-01,base,sUSDS,3001,1.0189434023465036e-05,psm3
2026-07-01,base,sUSDS,3333,0.2359407512038633,psm3
2026-07-01,base,sUSDS,9998,0.00013839640473720794,psm3
2026-07-01,base,sUSDS,10000,8.483684750112632,psm3
2026-07-01,base,sUSDS,10001,1730.562281408229,psm3
2026-07-01,ethereum,USDS,4001,4107.613818085293,usds_ref4001
2026-07-01,ethereum,USDS,9001,2750.8708436973475,usds_aave
2026-07-01,ethereum,USDS-CLE,-999999,332.145957662052,farms
2026-07-01,ethereum,USDS-CLE,0,36.69758626643949,farms
2026-07-01,ethereum,USDS-CLE,1,3248.211598548951,farms
2026-07-01,ethereum,USDS-CLE,128,1092.8415607083011,farms
2026-07-01,ethereum,USDS-CLE,1001,17.315157942096015,farms
2026-07-01,ethereum,USDS-CLE,1002,23.15494890664559,farms
2026-07-01,ethereum,USDS-SKY,-999999,2056.674792104878,farms
2026-07-01,ethereum,USDS-SKY,0,0.1182139971765678,farms
2026-07-01,ethereum,USDS-SKY,1,333.47371966385055,farms
2026-07-01,ethereum,USDS-SKY,128,64.81223927603865,farms
2026-07-01,ethereum,USDS-SKY,1001,15.306633391776568,farms
2026-07-01,ethereum,USDS-SKY,1002,0.70753757118527,farms
2026-07-01,ethereum,USDS-SKY,1007,0.2576458192957115,farms
2026-07-01,ethereum,USDS-SKY,13425,5.369147340986535,farms
2026-07-01,ethereum,USDS-SPK,-999999,43.45984423176586,farms
2026-07-01,ethereum,USDS-SPK,0,37.04614918295363,farms
2026-07-01,ethereum,USDS-SPK,1,2633.663513878614,farms
2026-07-01,ethereum,USDS-SPK,128,128786.5560019328,farms
2026-07-01,ethereum,USDS-SPK,224,500.428173214979,farms
2026-07-01,ethereum,USDS-SPK,1002,0.0003983595235856,farms
2026-07-01,ethereum,sUSDC,0,9.657052361333903,susds_susdc
2026-07-01,ethereum,sUSDC,127,2077.8029808251586,susds_susdc
2026-07-01,ethereum,sUSDC,128,13913.97419761173,susds_susdc
2026-07-01,ethereum,sUSDC,186,255.355913697204,susds_susdc
2026-07-01,ethereum,sUSDC,188,332.46251835623366,susds_susdc
2026-07-01,ethereum,sUSDC,190,0.0033753664542411,susds_susdc
2026-07-01,ethereum,sUSDC,191,1874.7996862730877,susds_susdc
2026-07-01,ethereum,sUSDC,192,18103.03253529758,susds_susdc
2026-07-01,ethereum,sUSDC,194,0.1772893184439346,susds_susdc
2026-07-01,ethereum,sUSDC,195,539.5533509678133,susds_susdc
2026-07-01,ethereum,sUSDC,204,0.0002353614823108,susds_susdc
2026-07-01,ethereum,sUSDC,216,279.5555886252492,susds_susdc
2026-07-01,ethereum,sUSDC,1017,3.408690954466223,susds_susdc
2026-07-01,ethereum,sUSDS,0,2305.1362307345566,susds_susdc
2026-07-01,ethereum,sUSDS,1,46160.66065087917,susds_susdc
2026-07-01,ethereum,sUSDS,99,449120.82239381823,susds_susdc
2026-07-01,ethereum,sUSDS,100,0.0006385991412551,susds_susdc
2026-07-01,ethereum,sUSDS,123,0.0009315975702948,susds_susdc
2026-07-01,ethereum,sUSDS,128,548164.441165225,susds_susdc
2026-07-01,ethereum,sUSDS,183,4452.015105137724,susds_susdc
2026-07-01,ethereum,sUSDS,186,8.138405222311042e-05,susds_susdc
2026-07-01,ethereum,sUSDS,188,21646.81901870906,susds_susdc
2026-07-01,ethereum,sUSDS,200,4384.721396957282,susds_susdc
2026-07-01,ethereum,sUSDS,204,0.0002963928818029,susds_susdc
2026-07-01,ethereum,sUSDS,224,5942.257448930829,susds_susdc
2026-07-01,ethereum,sUSDS,303,0.0010326496997733,susds_susdc
2026-07-01,ethereum,sUSDS,1001,386.628667628612,susds_susdc
2026-07-01,ethereum,sUSDS,1002,20494.60702569584,susds_susdc
2026-07-01,ethereum,sUSDS,1003,14515.706330414809,susds_susdc
2026-07-01,ethereum,sUSDS,1004,697.4579826616948,susds_susdc
2026-07-01,ethereum,sUSDS,1015,7.5091295927510866e-06,susds_susdc
2026-07-01,ethereum,sUSDS,2000,2.372995960089104e-06,susds_susdc
2026-07-01,ethereum,sUSDS,2001,8574.042295045127,susds_susdc
2026-07-01,ethereum,sUSDS,2002,1.995208499192483e-09,susds_susdc
2026-07-01,ethereum,sUSDS,2008,17489.63626815923,susds_susdc
2026-07-01,ethereum,sUSDS,2012,2834.561632392592,susds_susdc
2026-07-01,ethereum,sUSDS,2018,8.935215521156147e-05,susds_susdc
2026-07-01,ethereum,sUSDS,2222,7.668522948115172e-10,susds_susdc
2026-07-01,ethereum,sUSDS,3000,53.147333992809216,susds_susdc
2026-07-01,ethereum,sUSDS,3002,1.2119716002574784e-06,susds_susdc
2026-07-01,ethereum,sUSDS,3006,0.7711922221718281,susds_susdc
2026-07-01,ethereum,sUSDS,3007,0.0004737928136351,susds_susdc
2026-07-01,ethereum,sUSDS,3008,7.766657149181292e-05,susds_susdc
2026-07-01,ethereum,sUSDS,3900,1.7466381623862738e-05,susds_susdc
2026-07-01,ethereum,sUSDS,4011,119.49714441504648,susds_susdc
2026-07-01,ethereum,sUSDS,13425,9.442631612438351e-05,susds_susdc
2026-07-01,ethereum,spETH,-999999,0.0,sp
2026-07-01,ethereum,spETH,128,0.0,sp
2026-07-01,ethereum,spETH,186,0.0,sp
2026-07-01,ethereum,spETH,202,0.0,sp
2026-07-01,ethereum,spETH,204,0.0,sp
2026-07-01,ethereum,spETH,214,0.0,sp
2026-07-01,ethereum,spETH,1017,0.0,sp
2026-07-01,ethereum,spPYUSD,128,60.12241155677695,sp
2026-07-01,ethereum,spPYUSD,132,10.539691501620426,sp
2026-07-01,ethereum,spUSDC,0,0.0031458985654232,sp
2026-07-01,ethereum,spUSDC,128,40555.607072353705,sp
2026-07-01,ethereum,spUSDC,131,4262.458973751278,sp
2026-07-01,ethereum,spUSDC,186,2208.6667535291544,sp
2026-07-01,ethereum,spUSDC,190,292.06884880708526,sp
2026-07-01,ethereum,spUSDC,198,0.0001918788802216,sp
2026-07-01,ethereum,spUSDC,200,3.022977496586654,sp
2026-07-01,ethereum,spUSDC,202,15.70619120679154,sp
2026-07-01,ethereum,spUSDC,204,2.05595683472231e-08,sp
2026-07-01,ethereum,spUSDC,205,0.2096269241081709,sp
2026-07-01,ethereum,spUSDC,214,3.173446952946674,sp
2026-07-01,ethereum,spUSDC,217,0.4975482178841974,sp
2026-07-01,ethereum,spUSDC,223,0.001127761902164,sp
2026-07-01,ethereum,spUSDC,1017,0.0476508374347926,sp
2026-07-01,ethereum,spUSDC,4012,0.0001635317561061,sp
2026-07-01,ethereum,spUSDT,128,52247.75411042509,sp
2026-07-01,ethereum,spUSDT,130,3407.993431061834,sp
2026-07-01,ethereum,spUSDT,186,108.13145073131768,sp
2026-07-01,ethereum,spUSDT,188,7190.481435481101,sp
2026-07-01,ethereum,spUSDT,190,35.69601554401816,sp
2026-07-01,ethereum,spUSDT,191,23519.34183590616,sp
2026-07-01,ethereum,spUSDT,198,0.0007561787767777,sp
2026-07-01,ethereum,spUSDT,200,2.542025575256907,sp
2026-07-01,ethereum,spUSDT,202,21.820111700708797,sp
2026-07-01,ethereum,spUSDT,214,0.6492543562221954,sp
2026-07-01,ethereum,spUSDT,217,0.0001781247713304,sp
2026-07-01,ethereum,spUSDT,223,0.0001697127961131,sp
2026-07-01,ethereum,spUSDT,999,0.0001693176004863,sp
2026-07-01,ethereum,stUSDS,-999999,3101.562905439575,stusds
2026-07-01,ethereum,stUSDS,0,0.0050473680182653,stusds
2026-07-01,ethereum,stUSDS,1,2787.096635939073,stusds
2026-07-01,ethereum,stUSDS,197,9664.013652588652,stusds
2026-07-01,ethereum,stUSDS,2002,8.005568755688425e-05,stusds
2026-07-01,ethereum,stUSDS,3007,2.866152902904697e-06,stusds
2026-07-01,optimism,sUSDC,0,2.3931261556869078e-05,susds_susdc
2026-07-01,optimism,sUSDC,127,14.578584820438206,susds_susdc
2026-07-01,optimism,sUSDC,128,904.6617509453084,susds_susdc
2026-07-01,optimism,sUSDC,200,2.3613868704776705e-05,susds_susdc
2026-07-01,optimism,sUSDC,204,0.0321146133342835,susds_susdc
2026-07-01,optimism,sUSDC,1017,0.0229950295180674,susds_susdc
2026-07-01,optimism,sUSDC,3006,4.616283263743061e-05,susds_susdc
2026-07-01,optimism,sUSDS,1,84.3859824581723,psm3
2026-07-01,optimism,sUSDS,99,15920.248176805504,psm3
2026-07-01,optimism,sUSDS,128,92.20388882052816,psm3
2026-07-01,optimism,sUSDS,3000,0.0002856993150965,psm3
2026-07-01,optimism,sUSDS,3001,0.0010809253811189,psm3
2026-07-01,optimism,sUSDS,10000,0.0012024505463343,psm3
2026-07-01,optimism,sUSDS,10001,919.2955391166404,psm3
2026-07-01,unichain,sUSDC,0,2.2816571385043287e-05,susds_susdc
2026-07-01,unichain,sUSDC,127,0.9729142301875024,susds_susdc
2026-07-01,unichain,sUSDC,128,32.19511110913482,susds_susdc
2026-07-01,unichain,sUSDC,1017,0.0002199205478588,susds_susdc
2026-07-01,unichain,sUSDS,1,0.319243771809456,psm3
2026-07-01,unichain,sUSDS,99,8211.80104801323,psm3
2026-07-01,unichain,sUSDS,128,1.4367530865693163,psm3
2026-07-01,unichain,sUSDS,10000,0.0001946210743221,psm3
2026-07-01,unichain,sUSDS,10001,33.16826807637331,psm3
2026-08-01,arbitrum,sUSDC,0,2.2205351298516347e-05,susds_susdc
2026-08-01,arbitrum,sUSDC,127,222.04060541469397,susds_susdc
2026-08-01,arbitrum,sUSDC,128,33084.42932740346,susds_susdc
2026-08-01,arbitrum,sUSDC,182,3.2518955810433432e-06,susds_susdc
2026-08-01,arbitrum,sUSDC,190,0.0014092127710545,susds_susdc
2026-08-01,arbitrum,sUSDC,194,1.534529470257492,susds_susdc
2026-08-01,arbitrum,sUSDC,196,0.1047199899165952,susds_susdc
2026-08-01,arbitrum,sUSDC,204,0.461836800102989,susds_susdc
2026-08-01,arbitrum,sUSDC,555,0.0017361061053872,susds_susdc
2026-08-01,arbitrum,sUSDC,1004,0.0018592607367002,susds_susdc
2026-08-01,arbitrum,sUSDC,1017,0.0933867615142448,susds_susdc
2026-08-01,arbitrum,sUSDC,3006,1.4796468778571866e-05,susds_susdc
2026-08-01,arbitrum,sUSDS,1,622.522425678384,psm3
2026-08-01,arbitrum,sUSDS,2,8.805213266359269e-16,psm3
2026-08-01,arbitrum,sUSDS,99,24244.124524496623,psm3
2026-08-01,arbitrum,sUSDS,128,3039.1128903204312,psm3
2026-08-01,arbitrum,sUSDS,171,0.0001140224841598,psm3
2026-08-01,arbitrum,sUSDS,3000,7.653835650616152,psm3
2026-08-01,arbitrum,sUSDS,3333,0.0046596202244625,psm3
2026-08-01,arbitrum,sUSDS,10000,176.0875661768437,psm3
2026-08-01,arbitrum,sUSDS,10001,33308.669450673326,psm3
2026-08-01,avalanche_c,spUSDC,0,0.0041181933629659,sp
2026-08-01,avalanche_c,spUSDC,128,1747.4040221623543,sp
2026-08-01,avalanche_c,spUSDC,131,2.395153308971614,sp
2026-08-01,avalanche_c,spUSDC,190,0.6075843091753305,sp
2026-08-01,avalanche_c,spUSDC,191,28.653037307384903,sp
2026-08-01,avalanche_c,spUSDC,198,1.5595412313384114e-05,sp
2026-08-01,base,sUSDC,0,0.0422097734179951,susds_susdc
2026-08-01,base,sUSDC,127,79.80357384412554,susds_susdc
2026-08-01,base,sUSDC,128,1096.6816739969968,susds_susdc
2026-08-01,base,sUSDC,129,31.49002292867356,susds_susdc
2026-08-01,base,sUSDC,182,0.0098946703080523,susds_susdc
2026-08-01,base,sUSDC,200,3.654462942075885e-05,susds_susdc
2026-08-01,base,sUSDC,204,0.0588039538457589,susds_susdc
2026-08-01,base,sUSDC,206,0.0003425604148386,susds_susdc
2026-08-01,base,sUSDC,1004,0.0036147803902028,susds_susdc
2026-08-01,base,sUSDC,1017,0.5283492517893948,susds_susdc
2026-08-01,base,sUSDC,3006,2.160788164680404e-05,susds_susdc
2026-08-01,base,sUSDS,1,204.97606529798966,psm3
2026-08-01,base,sUSDS,2,1.548378502864748e-18,psm3
2026-08-01,base,sUSDS,99,208.35762046547524,psm3
2026-08-01,base,sUSDS,128,401.17257851417116,psm3
2026-08-01,base,sUSDS,129,0.10964122487397938,psm3
2026-08-01,base,sUSDS,170,5.597336722739006e-06,psm3
2026-08-01,base,sUSDS,171,0.0007523729743912,psm3
2026-08-01,base,sUSDS,184,0.0001706940020412,psm3
2026-08-01,base,sUSDS,204,0.000560758152182,psm3
2026-08-01,base,sUSDS,1015,2.631540028746223e-05,psm3
2026-08-01,base,sUSDS,1017,0.0055613790680401004,psm3
2026-08-01,base,sUSDS,3000,6.494727666471305,psm3
2026-08-01,base,sUSDS,3001,0.0004909797155844,psm3
2026-08-01,base,sUSDS,3123,0.0006584390369403,psm3
2026-08-01,base,sUSDS,3333,0.13621510731026232,psm3
2026-08-01,base,sUSDS,9998,0.0001549930495940818,psm3
2026-08-01,base,sUSDS,10000,3.2688055382291084,psm3
2026-08-01,base,sUSDS,10001,1208.6185439124772,psm3
2026-08-01,ethereum,USDS,4001,1523.1923325973569,usds_ref4001
2026-08-01,ethereum,USDS,9001,1993.595224678403,usds_aave
2026-08-01,ethereum,USDS-CLE,-999999,203.68899274045984,farms
2026-08-01,ethereum,USDS-CLE,0,0.7695346593656069,farms
2026-08-01,ethereum,USDS-CLE,1,2465.6868320761373,farms
2026-08-01,ethereum,USDS-CLE,128,652.4289999718135,farms
2026-08-01,ethereum,USDS-CLE,1001,12.491680379980602,farms
2026-08-01,ethereum,USDS-CLE,1002,3.153988230508152,farms
2026-08-01,ethereum,USDS-SKY,-999999,1402.593837251783,farms
2026-08-01,ethereum,USDS-SKY,0,0.0848653516146049,farms
2026-08-01,ethereum,USDS-SKY,1,229.50786006358052,farms
2026-08-01,ethereum,USDS-SKY,128,44.8530365551543,farms
2026-08-01,ethereum,USDS-SKY,1001,5.6729213874157445,farms
2026-08-01,ethereum,USDS-SKY,1002,0.5104390745744638,farms
2026-08-01,ethereum,USDS-SKY,1007,0.1858735124821318,farms
2026-08-01,ethereum,USDS-SKY,13425,3.8734658223110414,farms
2026-08-01,ethereum,USDS-SPK,-999999,28.87919557782437,farms
2026-08-01,ethereum,USDS-SPK,0,6.005992280632994,farms
2026-08-01,ethereum,USDS-SPK,1,665.3327153253023,farms
2026-08-01,ethereum,USDS-SPK,128,91577.72462593416,farms
2026-08-01,ethereum,USDS-SPK,224,438.9068827991291,farms
2026-08-01,ethereum,USDS-SPK,1002,0.0005090815238442,farms
2026-08-01,ethereum,sUSDC,0,6.948422827894739,susds_susdc
2026-08-01,ethereum,sUSDC,127,55.76221548379132,susds_susdc
2026-08-01,ethereum,sUSDC,128,9912.062193475122,susds_susdc
2026-08-01,ethereum,sUSDC,186,183.1978489380528,susds_susdc
2026-08-01,ethereum,sUSDC,188,240.48804655123303,susds_susdc
2026-08-01,ethereum,sUSDC,190,0.0024430537613582,susds_susdc
2026-08-01,ethereum,sUSDC,191,1356.959751610868,susds_susdc
2026-08-01,ethereum,sUSDC,192,21979.17033774511,susds_susdc
2026-08-01,ethereum,sUSDC,194,0.128320092690638,susds_susdc
2026-08-01,ethereum,sUSDC,195,221.8996685784046,susds_susdc
2026-08-01,ethereum,sUSDC,204,0.0001703520973006,susds_susdc
2026-08-01,ethereum,sUSDC,216,222.07534566360616,susds_susdc
2026-08-01,ethereum,sUSDC,1017,2.4671736744769994,susds_susdc
2026-08-01,ethereum,sUSDS,0,1588.6311307976234,susds_susdc
2026-08-01,ethereum,sUSDS,1,31035.662894444587,susds_susdc
2026-08-01,ethereum,sUSDS,99,254776.2260800762,susds_susdc
2026-08-01,ethereum,sUSDS,100,0.0004622111569791,susds_susdc
2026-08-01,ethereum,sUSDS,123,0.0007685454910026,susds_susdc
2026-08-01,ethereum,sUSDS,128,394219.5948914605,susds_susdc
2026-08-01,ethereum,sUSDS,183,3686.166565182914,susds_susdc
2026-08-01,ethereum,sUSDS,186,7.00236386417126e-05,susds_susdc
2026-08-01,ethereum,sUSDS,188,542.8891354775254,susds_susdc
2026-08-01,ethereum,sUSDS,200,5670.998677133328,susds_susdc
2026-08-01,ethereum,sUSDS,204,0.0002145259646752,susds_susdc
2026-08-01,ethereum,sUSDS,224,2230.835018413487,susds_susdc
2026-08-01,ethereum,sUSDS,303,0.000747420692656,susds_susdc
2026-08-01,ethereum,sUSDS,1001,280.4637214254899,susds_susdc
2026-08-01,ethereum,sUSDS,1002,13458.318301574349,susds_susdc
2026-08-01,ethereum,sUSDS,1003,9599.96555409885,susds_susdc
2026-08-01,ethereum,sUSDS,1004,285.4206027147376,susds_susdc
2026-08-01,ethereum,sUSDS,1015,5.435026846654324e-06,susds_susdc
2026-08-01,ethereum,sUSDS,1020,0.0017002540529674,susds_susdc
2026-08-01,ethereum,sUSDS,2000,1.717548830497864e-06,susds_susdc
2026-08-01,ethereum,sUSDS,2001,2640.2249448703437,susds_susdc
2026-08-01,ethereum,sUSDS,2002,1.4441103491211899e-09,susds_susdc
2026-08-01,ethereum,sUSDS,2003,6.7835269034202755e-09,susds_susdc
2026-08-01,ethereum,sUSDS,2008,10886.821628989128,susds_susdc
2026-08-01,ethereum,sUSDS,2012,3093.727327191264,susds_susdc
2026-08-01,ethereum,sUSDS,2018,0.0009409975806815,susds_susdc
2026-08-01,ethereum,sUSDS,2222,5.9452026851882975e-08,susds_susdc
2026-08-01,ethereum,sUSDS,3000,427.6698135876347,susds_susdc
2026-08-01,ethereum,sUSDS,3002,0.0002697797942283,susds_susdc
2026-08-01,ethereum,sUSDS,3006,0.6567796644990028,susds_susdc
2026-08-01,ethereum,sUSDS,3007,2.698249253076424e-06,susds_susdc
2026-08-01,ethereum,sUSDS,3008,3.686297222626944e-05,susds_susdc
2026-08-01,ethereum,sUSDS,3009,21.185837012696982,susds_susdc
2026-08-01,ethereum,sUSDS,3900,0.0005212357394418,susds_susdc
2026-08-01,ethereum,sUSDS,4011,7.72373427145418,susds_susdc
2026-08-01,ethereum,sUSDS,13425,6.834474712783191e-05,susds_susdc
2026-08-01,ethereum,spETH,-999999,0.0,sp
2026-08-01,ethereum,spETH,128,0.0,sp
2026-08-01,ethereum,spETH,186,0.0,sp
2026-08-01,ethereum,spETH,202,0.0,sp
2026-08-01,ethereum,spETH,204,0.0,sp
2026-08-01,ethereum,spETH,214,0.0,sp
2026-08-01,ethereum,spETH,1017,0.0,sp
2026-08-01,ethereum,spPYUSD,128,15.457342074588102,sp
2026-08-01,ethereum,spPYUSD,132,0.0008112550323739,sp
2026-08-01,ethereum,spUSDC,0,2.659484041319392,sp
2026-08-01,ethereum,spUSDC,128,38889.93305146092,sp
2026-08-01,ethereum,spUSDC,131,4011.7166672303897,sp
2026-08-01,ethereum,spUSDC,186,1710.1619523075133,sp
2026-08-01,ethereum,spUSDC,190,331.2225212267485,sp
2026-08-01,ethereum,spUSDC,198,0.0001927421268833,sp
2026-08-01,ethereum,spUSDC,200,109.00723858581976,sp
2026-08-01,ethereum,spUSDC,202,11.436776099171428,sp
2026-08-01,ethereum,spUSDC,205,0.210570017700477,sp
2026-08-01,ethereum,spUSDC,214,18.880556172408006,sp
2026-08-01,ethereum,spUSDC,217,47.7914744919858,sp
2026-08-01,ethereum,spUSDC,223,0.0008239236641213,sp
2026-08-01,ethereum,spUSDC,232,2.157146516828627e-05,sp
2026-08-01,ethereum,spUSDC,1017,0.047865214474593,sp
2026-08-01,ethereum,spUSDC,4012,0.0001642674714822,sp
2026-08-01,ethereum,spUSDT,128,34538.56208849452,sp
2026-08-01,ethereum,spUSDT,130,3325.471059991229,sp
2026-08-01,ethereum,spUSDT,186,103.98749441379368,sp
2026-08-01,ethereum,spUSDT,188,4481.901172809806,sp
2026-08-01,ethereum,spUSDT,190,35.88652041685065,sp
2026-08-01,ethereum,spUSDT,191,20007.163807892717,sp
2026-08-01,ethereum,spUSDT,198,0.0007602144020293,sp
2026-08-01,ethereum,spUSDT,200,87.125094673363,sp
2026-08-01,ethereum,spUSDT,202,21.93653297513492,sp
2026-08-01,ethereum,spUSDT,214,1.399765877713851,sp
2026-08-01,ethereum,spUSDT,217,11.16656202343284,sp
2026-08-01,ethereum,spUSDT,223,0.0001706185306649,sp
2026-08-01,ethereum,spUSDT,232,1.3558014559778749e-06,sp
2026-08-01,ethereum,spUSDT,999,0.0001702212259318,sp
2026-08-01,ethereum,stUSDS,-999999,2785.8159717168974,stusds
2026-08-01,ethereum,stUSDS,0,0.0050735618829975,stusds
2026-08-01,ethereum,stUSDS,1,3008.3182630335355,stusds
2026-08-01,ethereum,stUSDS,197,11231.95461255388,stusds
2026-08-01,ethereum,stUSDS,2002,0.000142328221181,stusds
2026-08-01,ethereum,stUSDS,3007,3.814440029157973e-07,stusds
2026-08-01,optimism,sUSDC,0,2.068881133597528e-05,susds_susdc
2026-08-01,optimism,sUSDC,127,10.947215897930985,susds_susdc
2026-08-01,optimism,sUSDC,128,562.3716994114976,susds_susdc
2026-08-01,optimism,sUSDC,200,1.7091462968987287e-05,susds_susdc
2026-08-01,optimism,sUSDC,204,0.0232452084497118,susds_susdc
2026-08-01,optimism,sUSDC,1017,0.0140803616279372,susds_susdc
2026-08-01,optimism,sUSDC,3006,8.670282594722923e-06,susds_susdc
2026-08-01,optimism,sUSDS,1,61.42840008971179,psm3
2026-08-01,optimism,sUSDS,99,149.0275151989463,psm3
2026-08-01,optimism,sUSDS,128,83.97461647575587,psm3
2026-08-01,optimism,sUSDS,3000,0.014890521631227,psm3
2026-08-01,optimism,sUSDS,3001,0.000904636560806,psm3
2026-08-01,optimism,sUSDS,10000,0.0025261452689976,psm3
2026-08-01,optimism,sUSDS,10001,573.3562873301192,psm3
2026-08-01,unichain,sUSDC,0,4.148849926865394e-05,susds_susdc
2026-08-01,unichain,sUSDC,127,1.3687679263609658,susds_susdc
2026-08-01,unichain,sUSDC,128,23.443580958613357,susds_susdc
2026-08-01,unichain,sUSDC,1017,0.0001591761158174,susds_susdc
2026-08-01,unichain,sUSDS,1,0.231074958490776,psm3
2026-08-01,unichain,sUSDS,99,2.1469590598263704,psm3
2026-08-01,unichain,sUSDS,128,0.8389815588023457,psm3
2026-08-01,unichain,sUSDS,3000,0.0072118669096893,psm3
2026-08-01,unichain,sUSDS,10000,0.0001408646302877,psm3
2026-08-01,unichain,sUSDS,10001,24.812549549540005,psm3
