"dt","blockchain","token_symbol","token","referral_type","ref_code","tw_reward","price_usd","tw_reward_usd"
"2026-07-01","ethereum","stakedUSDS","USDS-SPK","non-Spark referrals","0","12.86620192228963","1","12.86620192228963"
"2026-07-01","ethereum","stakedUSDS","USDS-SPK","non-Spark referrals","1","921.8079217039844","1","921.8079217039844"
"2026-07-01","ethereum","stakedUSDS","USDS-SPK","Spark referrals","127","12.035464859234242","1","12.035464859234242"
"2026-07-01","ethereum","stakedUSDS","USDS-SPK","Spark referrals","128","30099.70108871086","1","30099.70108871086"
"2026-07-01","ethereum","stakedUSDS","USDS-SPK","Spark referrals","224","144.06235077510365","1","144.06235077510365"
"2026-07-01","ethereum","stakedUSDS","USDS-SKY","non-Spark referrals","0","0.027914263548172488","1","0.027914263548172488"
"2026-07-01","ethereum","stakedUSDS","USDS-SKY","non-Spark referrals","1","77.8869690482942","1","77.8869690482942"
"2026-07-01","ethereum","stakedUSDS","USDS-SKY","non-Spark referrals","99","477.9174332356723","1","477.9174332356723"
"2026-07-01","ethereum","stakedUSDS","USDS-SKY","Spark referrals","128","15.136021527948875","1","15.136021527948875"
"2026-07-01","ethereum","stakedUSDS","USDS-SKY","Spark referrals","303","3.1815354363314624e-15","1","3.1815354363314624e-15"
"2026-07-01","ethereum","stakedUSDS","USDS-SKY","non-Spark referrals","1001","3.6862200777218144","1","3.6862200777218144"
"2026-07-01","ethereum","stakedUSDS","USDS-SKY","non-Spark referrals","1002","0.16441235470210813","1","0.16441235470210813"
"2026-07-01","ethereum","stakedUSDS","USDS-SKY","non-Spark referrals","1007","0.05986983243674235","1","0.05986983243674235"
"2026-07-01","ethereum","stakedUSDS","USDS-SKY","non-Spark referrals","1016","9.709275623570137e-20","1","9.709275623570137e-20"
"2026-07-01","ethereum","stakedUSDS","USDS-SKY","non-Spark referrals","13425","1.2476428009262677","1","1.2476428009262677"
"2026-07-01","ethereum","stUSDS","stUSDS","non-Spark referrals","0","0.000612045290728884","1.06143487814696","0.0006496462185852337"
"2026-07-01","ethereum","stUSDS","stUSDS","non-Spark referrals","1","373.27768391436405","1.0614344641176932","396.2097983927366"
"2026-07-01","ethereum","stUSDS","stUSDS","non-Spark referrals","99","397.84108719103483","1.0614356439075239","422.2827105554854"
"2026-07-01","ethereum","stUSDS","stUSDS","Spark referrals","197","1067.161744465849","1.0614384880869645","1132.7265485900784"
"2026-07-01","ethereum","stUSDS","stUSDS","non-Spark referrals","2002","0.0000031141444288184466","1.06143487814696","0.0000033054615123349423"
"2026-07-01","ethereum","spUSDT","spUSDT","Spark referrals","128","11290.997320586235","1.0243984938833013","11566.480649648931"
"2026-07-01","ethereum","spUSDT","spUSDT","Spark referrals","130","368.5772620263799","1.0243985740140096","377.5700216338115"
"2026-07-01","ethereum","spUSDT","spUSDT","Spark referrals","186","11.749426351303176","1.0243985396015247","12.036095195430645"
"2026-07-01","ethereum","spUSDT","spUSDT","Spark referrals","188","1213.547758996467","1.024398430669122","1243.1564198580108"
"2026-07-01","ethereum","spUSDT","spUSDT","Spark referrals","190","3.7693388715488148","1.024398539601525","3.861305235277866"
"2026-07-01","ethereum","spUSDT","spUSDT","Spark referrals","191","2483.536833571933","1.024398539601525","2544.1315053576836"
"2026-07-01","ethereum","spUSDT","spUSDT","Spark referrals","198","0.00007984908157701752","1.024398539601525","0.00008179728255601978"
"2026-07-01","ethereum","spUSDT","spUSDT","Spark referrals","200","0.00023305642835455253","1.0243985396015247","0.000238742664851151"
"2026-07-01","ethereum","spUSDT","spUSDT","Spark referrals","202","2.3040928337599356","1.024398539601525","2.3603093340100174"
"2026-07-01","ethereum","spUSDT","spUSDT","Spark referrals","214","2.2840451435830387e-21","1.024398539601525","2.33977250947042e-21"
"2026-07-01","ethereum","spUSDT","spUSDT","Spark referrals","223","0.000017920908808426258","1.0243985396015247","0.00001835815281168396"
"2026-07-01","ethereum","spUSDT","spUSDT","Spark referrals","999","0.000017879177925715322","1.0243985396015247","0.000018315403756378595"
"2026-07-01","avalanche_c","spUSDC","spUSDC","Spark referrals","128","365.6012270932382","1.0213165325162434","373.39457753854975"
"2026-07-01","avalanche_c","spUSDC","spUSDC","Spark referrals","190","0.4023704235369104","1.0213163745700657","0.4109475022009391"
"2026-07-01","avalanche_c","spUSDC","spUSDC","Spark referrals","191","3.6126595028420163","1.0213163745700657","3.689668305998704"
"2026-07-01","avalanche_c","spUSDC","spUSDC","Spark referrals","198","0.000001966315608717874","1.021316374570066","0.0000020082303287562713"
"2026-07-01","ethereum","spUSDC","spUSDC","Spark referrals","0","0.0029788794250387367","1.0275538563445397","0.003060959040783959"
"2026-07-01","ethereum","spUSDC","spUSDC","Spark referrals","128","6109.22966148918","1.0274776474680543","6277.09692042896"
"2026-07-01","ethereum","spUSDC","spUSDC","Spark referrals","186","273.5844875185177","1.0274777780988422","281.10198135783696"
"2026-07-01","ethereum","spUSDC","spUSDC","Spark referrals","190","63.15178501997633","1.0274534208617587","64.88551755230105"
"2026-07-01","ethereum","spUSDC","spUSDC","Spark referrals","198","0.000024217471373033124","1.0274778178223263","0.00002488291463953873"
"2026-07-01","ethereum","spUSDC","spUSDC","Spark referrals","200","0.00035972885067984744","1.0274778178223263","0.0003696134145042631"
"2026-07-01","ethereum","spUSDC","spUSDC","Spark referrals","202","1.8647801360858676","1.027477817822326","1.9160202249439275"
"2026-07-01","ethereum","spUSDC","spUSDC","Spark referrals","205","0.02645749249600885","1.0274778178223265","0.02718448665484975"
"2026-07-01","ethereum","spUSDC","spUSDC","Spark referrals","214","0.1168868915159377","1.0274793147603776","0.12009886319926626"
"2026-07-01","ethereum","spUSDC","spUSDC","Spark referrals","223","0.0002482435878468197","1.0274778178223263","0.0002550647799292353"
"2026-07-01","ethereum","spUSDC","spUSDC","Spark referrals","1017","0.006014120939965759","1.0274778178223263","0.006179375859515576"
"2026-07-01","ethereum","spUSDC","spUSDC","Spark referrals","4012","0.000020639716145450528","1.0274778178223263","0.000021206850505599745"
"2026-07-01","ethereum","spPYUSD","spPYUSD","Spark referrals","128","0","NaN","0"
"2026-07-01","ethereum","spPYUSD","spPYUSD","Spark referrals","130","0","NaN","0"
"2026-07-01","arbitrum","sUSDS","sUSDS","non-Spark referrals","0","6678.857087197789","1.101761786083558","7358.509513387866"
"2026-07-01","arbitrum","sUSDS","sUSDS","non-Spark referrals","1","286.0930406368581","1.10176063612667","315.2060504434781"
"2026-07-01","arbitrum","sUSDS","sUSDS","non-Spark referrals","99","149.53613184432794","1.1017559279810296","164.75231970684112"
"2026-07-01","arbitrum","sUSDS","sUSDS","Spark referrals","128","931.175982557945","1.1017639155426335","1025.9360966023005"
"2026-07-01","arbitrum","sUSDS","sUSDS","Spark referrals","129","0.09926044593048329","1.1017609574677123","0.10936128394704137"
"2026-07-01","arbitrum","sUSDS","sUSDS","Spark referrals","171","0.00003319199346455504","1.1017609574677125","0.00003656964249977022"
"2026-07-01","arbitrum","sUSDS","sUSDS","non-Spark referrals","3333","0.001328765904601173","1.1017630518918562","0.0014639851783032315"
"2026-07-01","arbitrum","sUSDS","sUSDS","non-Spark referrals","90000000000000000000","0.0004710092166916239","1.1017610085838963","0.0005189395896344744"
"2026-07-01","base","sUSDS","sUSDS","non-Spark referrals","0","378.8213826868885","1.1017613538285431","417.3707594483069"
"2026-07-01","base","sUSDS","sUSDS","non-Spark referrals","1","50.77264581837913","1.1017614616691946","55.93934446966971"
"2026-07-01","base","sUSDS","sUSDS","non-Spark referrals","99","35.83822944058245","1.101760933497203","39.48516112334306"
"2026-07-01","base","sUSDS","sUSDS","Spark referrals","128","124.21161431940928","1.1017603548799548","136.85143227276444"
"2026-07-01","base","sUSDS","sUSDS","Spark referrals","129","0.08390443366880279","1.101760967540889","0.09244263001991052"
"2026-07-01","base","sUSDS","sUSDS","Spark referrals","170","0.0000016293870922824264","1.1017609574677125","0.0000017951950828786183"
"2026-07-01","base","sUSDS","sUSDS","Spark referrals","171","0.00021901609172037434","1.1017609574677125","0.00024130337891467598"
"2026-07-01","base","sUSDS","sUSDS","Spark referrals","184","0.000049689096338653904","1.1017609574677125","0.00005474550635778073"
"2026-07-01","base","sUSDS","sUSDS","Spark referrals","204","0.0001632369357637144","1.1017609574677125","0.00017984808264112547"
"2026-07-01","base","sUSDS","sUSDS","non-Spark referrals","1015","0.00000766042417681355","1.1017609574677127","0.000008439956275654911"
"2026-07-01","base","sUSDS","sUSDS","non-Spark referrals","1017","0.0016189198037598444","1.1017609574677125","0.0017836626330538874"
"2026-07-01","base","sUSDS","sUSDS","non-Spark referrals","3000","0.40912891790436046","1.1017505819104119","0.45075802337750626"
"2026-07-01","base","sUSDS","sUSDS","non-Spark referrals","3001","2.5361480246601786e-8","1.1017609574677125","2.794228875929446e-8"
"2026-07-01","base","sUSDS","sUSDS","non-Spark referrals","3333","0.044702089337593544","1.1017651435373923","0.049251203875455084"
"2026-07-01","base","sUSDS","sUSDS","non-Spark referrals","9998","0.000029159477659895693","1.1017609574677125","0.00003212677402582505"
"2026-07-01","ethereum","sUSDS","sUSDS","non-Spark referrals","0","575.9659284510603","1.1017611813844073","634.5769017674072"
"2026-07-01","ethereum","sUSDS","sUSDS","non-Spark referrals","1","10491.84934063947","1.1017610945762657","11559.511413672213"
"2026-07-01","ethereum","sUSDS","sUSDS","non-Spark referrals","99","140119.006724099","1.1017613739860974","154377.70936991053"
"2026-07-01","ethereum","sUSDS","sUSDS","Spark referrals","100","0.00013454986369342982","1.1017609574677125","0.00014824178665002346"
"2026-07-01","ethereum","sUSDS","sUSDS","Spark referrals","123","0.00010550669958533481","1.1018423738242593","0.00011625175232546832"
"2026-07-01","ethereum","sUSDS","sUSDS","Spark referrals","128","104590.49502175224","1.101761064809652","115233.73516413436"
"2026-07-01","ethereum","sUSDS","sUSDS","Spark referrals","183","1018.3470157757089","1.1017613643335693","1121.975397466064"
"2026-07-01","ethereum","sUSDS","sUSDS","Spark referrals","186","0.000015462137298659582","1.1017609574677125","0.00001703557919466841"
"2026-07-01","ethereum","sUSDS","sUSDS","Spark referrals","188","4862.586944250699","1.1017631643336567","5357.419178545177"
"2026-07-01","ethereum","sUSDS","sUSDS","Spark referrals","200","723.445074110928","1.1017787919702882","797.0764398107938"
"2026-07-01","ethereum","sUSDS","sUSDS","Spark referrals","204","0.00006244859923849094","1.1017609574677125","0.00006880342848951724"
"2026-07-01","ethereum","sUSDS","sUSDS","Spark referrals","224","1439.5409758661715","1.101753993025661","1586.020018284611"
"2026-07-01","ethereum","sUSDS","sUSDS","Spark referrals","303","0.0002175744804079911","1.1017609574677125","0.00023971506785484833"
"2026-07-01","ethereum","sUSDS","sUSDS","non-Spark referrals","1001","81.95170040865868","1.1017609574677125","90.29118390835092"
"2026-07-01","ethereum","sUSDS","sUSDS","non-Spark referrals","1002","4437.77417641301","1.1017609574677123","4889.366325630286"
"2026-07-01","ethereum","sUSDS","sUSDS","non-Spark referrals","1015","0.0000015821386185631378","1.1017609574677125","0.0000017431385592347667"
"2026-07-01","ethereum","sUSDS","sUSDS","non-Spark referrals","2000","4.999791924986336e-7","1.1017609574677123","5.508575538412282e-7"
"2026-07-01","ethereum","sUSDS","sUSDS","non-Spark referrals","2001","2261.190017016465","1.101757507344668","2491.2830767807077"
"2026-07-01","ethereum","sUSDS","sUSDS","non-Spark referrals","2002","4.07247756398552e-10","1.1017609574677125","4.4868967801624636e-10"
"2026-07-01","ethereum","sUSDS","sUSDS","non-Spark referrals","2008","3792.094843884851","1.101761071483594","4177.982478365985"
"2026-07-01","ethereum","sUSDS","sUSDS","non-Spark referrals","2012","6.736428860043886e-7","1.1017826254527552","7.422080275594863e-7"
"2026-07-01","ethereum","sUSDS","sUSDS","non-Spark referrals","3000","2.8006155461619873","1.1017615504772444","3.0856105264301057"
"2026-07-01","ethereum","sUSDS","sUSDS","non-Spark referrals","3007","0.00007717716686243836","1.1018423344190331","0.00008503706969955633"
"2026-07-01","ethereum","sUSDS","sUSDS","non-Spark referrals","3008","0.000009997174443904847","1.1017610186990616","0.000011014497099428828"
"2026-07-01","ethereum","sUSDS","sUSDS","non-Spark referrals","13425","0.000019895184855147094","1.1017609574677125","0.000021919737915003998"
"2026-07-01","optimism","sUSDS","sUSDS","non-Spark referrals","0","194.36381307661807","1.1017601157608974","214.14229719502413"
"2026-07-01","optimism","sUSDS","sUSDS","non-Spark referrals","1","17.696841259878372","1.1017609574677125","19.497688770637716"
"2026-07-01","optimism","sUSDS","sUSDS","non-Spark referrals","99","8.1872613876439","1.1017609229973013","9.02040466327071"
"2026-07-01","optimism","sUSDS","sUSDS","Spark referrals","128","15.165813214301588","1.1017608332155022","16.709099003379592"
"2026-07-01","optimism","sUSDS","sUSDS","non-Spark referrals","3001","0.00022739868406179565","1.1017609574677125","0.0002505389918788218"
"2026-07-01","unichain","sUSDS","sUSDS","non-Spark referrals","0","6.933432139617307","1.1017607573676755","7.638983445302147"
"2026-07-01","unichain","sUSDS","sUSDS","non-Spark referrals","1","0.06726317529572046","1.1017609574677127","0.07410794041613157"
"2026-07-01","unichain","sUSDS","sUSDS","non-Spark referrals","99","0.011258914618631594","1.1017609574677123","0.012404632550270769"
"2026-07-01","unichain","sUSDS","sUSDS","Spark referrals","128","0.2018114078235657","1.1017819478712505","0.22235216601448754"
"2026-07-01","arbitrum","sUSDC","sUSDC","Spark referrals","0","0.000004627759063549335","1.1017609574677125","0.0000050986842567860005"
"2026-07-01","arbitrum","sUSDC","sUSDC","Spark referrals","127","43.96961465372671","1.101760682436502","48.44399264735996"
"2026-07-01","arbitrum","sUSDC","sUSDC","Spark referrals","128","2596.413526554099","1.1017618150779003","2860.6292797090564"
"2026-07-01","arbitrum","sUSDC","sUSDC","Spark referrals","182","3.792164693105349e-7","1.1017609574677125","4.1780590031510034e-7"
"2026-07-01","arbitrum","sUSDC","sUSDC","Spark referrals","190","0.00016433390255867953","1.1017609574677125","0.0001810566778274565"
"2026-07-01","arbitrum","sUSDC","sUSDC","Spark referrals","194","0.18019065527475395","1.1017609574677123","0.1985270288822474"
"2026-07-01","arbitrum","sUSDC","sUSDC","Spark referrals","196","0.01196246054515451","1.1017609574677123","0.013179771983899165"
"2026-07-01","arbitrum","sUSDC","sUSDC","Spark referrals","204","0.35420615110310844","1.1017676444481852","0.3902528767499297"
"2026-07-01","arbitrum","sUSDC","sUSDC","Spark referrals","555","0.00020245423360784742","1.1017609574677125","0.0002230561702631739"
"2026-07-01","arbitrum","sUSDC","sUSDC","Spark referrals","1004","0.0002168157846791446","1.1017609574677125","0.00023887916652220775"
"2026-07-01","arbitrum","sUSDC","sUSDC","Spark referrals","1017","0.010929879617326724","1.1017609574677125","0.012042114632192727"
"2026-07-01","base","sUSDC","sUSDC","Spark referrals","0","0.0049643938430072795","1.1017608723408117","0.005469574891115055"
"2026-07-01","base","sUSDC","sUSDC","Spark referrals","127","9.70253007206756","1.1017611586492448","10.689870774030297"
"2026-07-01","base","sUSDC","sUSDC","Spark referrals","128","137.66724691639374","1.1017613857803397","151.67645673917016"
"2026-07-01","base","sUSDC","sUSDC","Spark referrals","129","3.602045218082997","1.1017609575085605","3.9685927884642545"
"2026-07-01","base","sUSDC","sUSDC","Spark referrals","182","0.0011538568338668685","1.1017609574677127","0.0012712744100618245"
"2026-07-01","base","sUSDC","sUSDC","Spark referrals","200","0.000004261614494012864","1.1017609574677125","0.000004695280465281895"
"2026-07-01","base","sUSDC","sUSDC","Spark referrals","204","0.007093392220100317","1.1017609574677123","0.007815222604111747"
"2026-07-01","base","sUSDC","sUSDC","Spark referrals","206","0.00003994733158033183","1.1017609574677125","0.00004401241029022659"
"2026-07-01","base","sUSDC","sUSDC","Spark referrals","1004","0.0004215339092975325","1.1017609574677125","0.0004644296035127573"
"2026-07-01","base","sUSDC","sUSDC","Spark referrals","1017","0.07205106695261135","1.1017513535838985","0.07938236054220366"
"2026-07-01","ethereum","sUSDC","sUSDC","Spark referrals","0","0.8184722303159341","1.1017609574677125","0.9017607481336176"
"2026-07-01","ethereum","sUSDC","sUSDC","Spark referrals","127","304.31550284048603","1.1017609567269875","335.28293955638816"
"2026-07-01","ethereum","sUSDC","sUSDC","Spark referrals","128","1224.8177471875429","1.1017572718391004","1349.4518596414603"
"2026-07-01","ethereum","sUSDC","sUSDC","Spark referrals","186","21.55327996569757","1.1017609574677125","23.746562371576623"
"2026-07-01","ethereum","sUSDC","sUSDC","Spark referrals","188","27.953794472306228","1.1017609574677125","30.79839936266376"
"2026-07-01","ethereum","sUSDC","sUSDC","Spark referrals","190","0.00028489420973969306","1.1017609574677125","0.00031388531729981155"
"2026-07-01","ethereum","sUSDC","sUSDC","Spark referrals","191","158.24047026653065","1.1017609574677125","174.3431720309939"
"2026-07-01","ethereum","sUSDC","sUSDC","Spark referrals","192","1134.331187800709","1.1017646490959188","1249.7660030858049"
"2026-07-01","ethereum","sUSDC","sUSDC","Spark referrals","194","0.014963916054183976","1.1017609574677127","0.016486658479324214"
"2026-07-01","ethereum","sUSDC","sUSDC","Spark referrals","195","1.4855732284907246e-11","1.1017609574677127","1.6367465826103418e-11"
"2026-07-01","ethereum","sUSDC","sUSDC","Spark referrals","204","0.0000198654351801849","1.1017609574677125","0.0000218869608846333"
"2026-07-01","ethereum","sUSDC","sUSDC","Spark referrals","216","24.13746145929848","1.1017592364013271","26.593671106063155"
"2026-07-01","ethereum","sUSDC","sUSDC","Spark referrals","1017","0.2877069286800783","1.1017609574677125","0.31698426121265794"
"2026-07-01","optimism","sUSDC","sUSDC","Spark referrals","0","0.000002666410937675581","1.1017463747905518","0.0000029377085842859474"
"2026-07-01","optimism","sUSDC","sUSDC","Spark referrals","127","1.2371599971487879","1.1017609275498392","1.363054545986205"
"2026-07-01","optimism","sUSDC","sUSDC","Spark referrals","128","76.61875449612975","1.1017601042186633","84.4154869387601"
"2026-07-01","optimism","sUSDC","sUSDC","Spark referrals","200","0.000001993103431804013","1.1017609574677125","0.0000021959235453565727"
"2026-07-01","optimism","sUSDC","sUSDC","Spark referrals","204","0.002710591020097187","1.1017609574677125","0.00298642335760566"
"2026-07-01","optimism","sUSDC","sUSDC","Spark referrals","1017","0.0028414154672576192","1.1017170762238593","0.0031304359409243154"
"2026-07-01","unichain","sUSDC","sUSDC","Spark referrals","0","0.0000019258062493734225","1.101760957228714","0.000002121778136746701"
"2026-07-01","unichain","sUSDC","sUSDC","Spark referrals","127","0.06486674043347421","1.1017523894348549","0.07146708626743072"
"2026-07-01","unichain","sUSDC","sUSDC","Spark referrals","128","2.7126632141014944","1.1017609590443194","2.988706424332708"
"2026-07-01","unichain","sUSDC","sUSDC","Spark referrals","1017","0.000018562159557236194","1.1017609574677125","0.000020451062686449"
"2026-07-01","ethereum","USDS - Treasury","USDS - Treasury","Spark referrals","126","16097.238302476799","1","16097.238302476799"
"2026-06-01","ethereum","stakedUSDS","USDS-SPK","non-Spark referrals","0","99.15189580086364","1","99.15189580086364"
"2026-06-01","ethereum","stakedUSDS","USDS-SPK","non-Spark referrals","1","9177.875271574363","1","9177.875271574363"
"2026-06-01","ethereum","stakedUSDS","USDS-SPK","Spark referrals","127","121.17341360129231","1","121.17341360129231"
"2026-06-01","ethereum","stakedUSDS","USDS-SPK","Spark referrals","128","239377.01166952212","1","239377.01166952212"
"2026-06-01","ethereum","stakedUSDS","USDS-SPK","Spark referrals","224","1698.1738921153153","1","1698.1738921153153"
"2026-06-01","ethereum","stakedUSDS","USDS-SKY","non-Spark referrals","0","0.2112854314659976","1","0.2112854314659976"
"2026-06-01","ethereum","stakedUSDS","USDS-SKY","non-Spark referrals","1","657.8992651853782","1","657.8992651853782"
"2026-06-01","ethereum","stakedUSDS","USDS-SKY","non-Spark referrals","99","3584.696204218912","1","3584.696204218912"
"2026-06-01","ethereum","stakedUSDS","USDS-SKY","Spark referrals","128","145.68543555883133","1","145.68543555883133"
"2026-06-01","ethereum","stakedUSDS","USDS-SKY","Spark referrals","303","2.3861515772485968e-14","1","2.3861515772485968e-14"
"2026-06-01","ethereum","stakedUSDS","USDS-SKY","non-Spark referrals","1001","63.36842156058229","1","63.36842156058229"
"2026-06-01","ethereum","stakedUSDS","USDS-SKY","non-Spark referrals","1002","1.233092660265811","1","1.233092660265811"
"2026-06-01","ethereum","stakedUSDS","USDS-SKY","non-Spark referrals","1007","0.44902374327556765","1","0.44902374327556765"
"2026-06-01","ethereum","stakedUSDS","USDS-SKY","non-Spark referrals","1016","7.281956717677602e-19","1","7.281956717677602e-19"
"2026-06-01","ethereum","stakedUSDS","USDS-SKY","non-Spark referrals","13425","9.357321006947007","1","9.357321006947007"
"2026-06-01","ethereum","stUSDS","stUSDS","non-Spark referrals","0","0.00459033968046663","1.0577350520922186","0.004855363181039349"
"2026-06-01","ethereum","stUSDS","stUSDS","non-Spark referrals","1","2876.4252106103763","1.057579048092345","3042.047036146145"
"2026-06-01","ethereum","stUSDS","stUSDS","non-Spark referrals","99","2771.181292145452","1.0577870973460692","2931.3198152382674"
"2026-06-01","ethereum","stUSDS","stUSDS","Spark referrals","184","1.0942919721399732e-9","1.0566408763477737","1.1562736284223147e-9"
"2026-06-01","ethereum","stUSDS","stUSDS","Spark referrals","197","8438.553789363314","1.0576693130927466","8925.19938989209"
"2026-06-01","ethereum","stUSDS","stUSDS","non-Spark referrals","2002","0.000022928355445726337","1.0577931096105124","0.000024253456405189988"
"2026-06-01","ethereum","spUSDT","spUSDT","Spark referrals","128","126570.39762152953","1.023127973895646","129497.7144736818"
"2026-06-01","ethereum","spUSDT","spUSDT","Spark referrals","130","3335.368551925667","1.0232366417634153","3412.871316115725"
"2026-06-01","ethereum","spUSDT","spUSDT","Spark referrals","186","259.5314822758606","1.0231023852800563","265.52727857170163"
"2026-06-01","ethereum","spUSDT","spUSDT","Spark referrals","188","10642.220276926972","1.0232453568234343","10889.602484657727"
"2026-06-01","ethereum","spUSDT","spUSDT","Spark referrals","190","37.924882634395296","1.0231580627315982","38.80314944553112"
"2026-06-01","ethereum","spUSDT","spUSDT","Spark referrals","191","22073.941971316443","1.0232450451943866","22587.051750057963"
"2026-06-01","ethereum","spUSDT","spUSDT","Spark referrals","198","0.001213969272179176","1.0229983882361464","0.0012418886088075049"
"2026-06-01","ethereum","spUSDT","spUSDT","Spark referrals","200","0.004049445535868971","1.0228143388978963","0.004141830958672859"
"2026-06-01","ethereum","spUSDT","spUSDT","Spark referrals","202","22.10664811534125","1.023186748750231","22.61922941090144"
"2026-06-01","ethereum","spUSDT","spUSDT","Spark referrals","214","0.000011186745989892203","1.0228101841419306","0.000011441917725870647"
"2026-06-01","ethereum","spUSDT","spUSDT","Spark referrals","223","0.00015928296120396447","1.0232450451943864","0.0001629855008358463"
"2026-06-01","ethereum","spUSDT","spUSDT","Spark referrals","999","0.0001105449467617955","1.0235594891059758","0.00011314932923075069"
"2026-06-01","avalanche_c","spUSDC","spUSDC","Spark referrals","128","2573.8596006135804","1.0196361090184787","2624.400188329487"
"2026-06-01","avalanche_c","spUSDC","spUSDC","Spark referrals","190","373.6127530834335","1.0186621327474235","380.58516387760693"
"2026-06-01","avalanche_c","spUSDC","spUSDC","Spark referrals","191","27.31546929787325","1.0196310304112417","27.851700106357136"
"2026-06-01","avalanche_c","spUSDC","spUSDC","Spark referrals","198","0.000014867394393966179","1.0196310304112417","0.000015159256665450055"
"2026-06-01","ethereum","spUSDC","spUSDC","Spark referrals","0","0.0011206533433311867","1.0249973517984146","0.001148666709198506"
"2026-06-01","ethereum","spUSDC","spUSDC","Spark referrals","128","46780.51709884653","1.0258260407152338","47988.67263812103"
"2026-06-01","ethereum","spUSDC","spUSDC","Spark referrals","186","1473.670484412294","1.0261901912653895","1512.266196261211"
"2026-06-01","ethereum","spUSDC","spUSDC","Spark referrals","190","971.5719898392681","1.0254756505510516","996.3234183376032"
"2026-06-01","ethereum","spUSDC","spUSDC","Spark referrals","198","0.008891958314839193","1.025156539694076","0.009115649217144514"
"2026-06-01","ethereum","spUSDC","spUSDC","Spark referrals","200","76.2770728935162","1.0245649625638402","78.15081633362475"
"2026-06-01","ethereum","spUSDC","spUSDC","Spark referrals","202","8.242822636339898","1.0261482173841803","8.458357754494156"
"2026-06-01","ethereum","spUSDC","spUSDC","Spark referrals","205","0.19854698380413122","1.0258109103297426","0.20367166219934052"
"2026-06-01","ethereum","spUSDC","spUSDC","Spark referrals","214","0.14606546507975796","1.0267136013582134","0.14996739968610065"
"2026-06-01","ethereum","spUSDC","spUSDC","Spark referrals","223","0.0018714942195670245","1.0258042663958649","0.0019197867549670534"
"2026-06-01","ethereum","spUSDC","spUSDC","Spark referrals","1017","0.04513222759275459","1.0258109103297426","0.04629713147213271"
"2026-06-01","ethereum","spUSDC","spUSDC","Spark referrals","4012","0.00015488819992562838","1.0258109103297426","0.00015888600536504403"
"2026-06-01","ethereum","spPYUSD","spPYUSD","Spark referrals","128","0","NaN","0"
"2026-06-01","ethereum","spPYUSD","spPYUSD","Spark referrals","130","0","NaN","0"
"2026-06-01","arbitrum","sUSDS","sUSDS","non-Spark referrals","0","48201.42799688611","1.0999898929710967","53021.08362334878"
"2026-06-01","arbitrum","sUSDS","sUSDS","non-Spark referrals","1","2118.6812097111188","1.099954948617236","2330.453881164097"
"2026-06-01","arbitrum","sUSDS","sUSDS","non-Spark referrals","99","2160.8910998288197","1.099723967360188","2376.3837333370698"
"2026-06-01","arbitrum","sUSDS","sUSDS","Spark referrals","128","2585.072896184855","1.1002538832951854","2844.236492628518"
"2026-06-01","arbitrum","sUSDS","sUSDS","Spark referrals","129","0.04825849874717454","1.1014676438101902","0.053155174908867356"
"2026-06-01","arbitrum","sUSDS","sUSDS","Spark referrals","171","0.0002489399509841628","1.0999733223860002","0.0002738273049586576"
"2026-06-01","arbitrum","sUSDS","sUSDS","non-Spark referrals","3000","0.0009595485683021422","1.0989518909250862","0.0010544977135700984"
"2026-06-01","arbitrum","sUSDS","sUSDS","non-Spark referrals","3333","0.006421558600328916","1.1000243183117224","0.007063870621825594"
"2026-06-01","arbitrum","sUSDS","sUSDS","non-Spark referrals","123623963915635","0.0015303858108690245","1.0988259318271107","0.0016816276146831444"
"2026-06-01","arbitrum","sUSDS","sUSDS","non-Spark referrals","90000000000000000000","0.0035294936655730744","1.0999733223860002","0.0038823488736607573"
"2026-06-01","base","sUSDS","sUSDS","non-Spark referrals","0","2603.2590107104193","1.0999398219427794","2863.428252711755"
"2026-06-01","base","sUSDS","sUSDS","non-Spark referrals","1","340.0953656534018","1.100043300198915","374.11962841572483"
"2026-06-01","base","sUSDS","sUSDS","non-Spark referrals","99","551.6807421359349","1.0997860072146095","606.7307606508724"
"2026-06-01","base","sUSDS","sUSDS","Spark referrals","128","1096.6346094556313","1.0999104260156154","1206.1998404698115"
"2026-06-01","base","sUSDS","sUSDS","Spark referrals","129","0.7109377256867858","1.0999179010423392","0.7819731310092238"
"2026-06-01","base","sUSDS","sUSDS","Spark referrals","170","0.000012220403192118201","1.0999733223859995","0.000013442117500130734"
"2026-06-01","base","sUSDS","sUSDS","Spark referrals","171","0.0016426206879028072","1.0999733223860002","0.001806838935492428"
"2026-06-01","base","sUSDS","sUSDS","Spark referrals","184","0.00017615316624446185","1.100815832306219","0.000193912194312773"
"2026-06-01","base","sUSDS","sUSDS","Spark referrals","204","0.005162294193949554","1.0990700268129896","0.005673722818160676"
"2026-06-01","base","sUSDS","sUSDS","non-Spark referrals","1015","0.000057453181326101615","1.0999733223860002","0.0000631969667449173"
"2026-06-01","base","sUSDS","sUSDS","non-Spark referrals","1017","0.012141898528198834","1.099973322386","0.013355764464136555"
"2026-06-01","base","sUSDS","sUSDS","non-Spark referrals","3000","0.0501178989511246","1.1014415720812676","0.055201937410136785"
"2026-06-01","base","sUSDS","sUSDS","non-Spark referrals","3001","1.9021110184951336e-7","1.0999733223860004","2.092271376561111e-7"
"2026-06-01","base","sUSDS","sUSDS","non-Spark referrals","3333","0.3478066746611127","1.0998363430431028","0.3825304211452604"
"2026-06-01","base","sUSDS","sUSDS","non-Spark referrals","9998","0.0003617709133032276","1.100396435125985","0.0003980914233311434"
"2026-06-01","base","sUSDS","sUSDS","non-Spark referrals","123623963915635","0.0026768927772789423","1.0997121520955342","0.002943811517030417"
"2026-06-01","ethereum","sUSDS","sUSDS","non-Spark referrals","0","6555.37357869283","1.099957543632885","7210.632619214881"
"2026-06-01","ethereum","sUSDS","sUSDS","non-Spark referrals","1","86377.4809841173","1.0999547614612295","95011.32149150663"
"2026-06-01","ethereum","sUSDS","sUSDS","non-Spark referrals","99","1107063.0660913822","1.0999217810545452","1217682.7793949388"
"2026-06-01","ethereum","sUSDS","sUSDS","Spark referrals","100","0.0009575172042424605","1.1000616586354985","0.0010533279638709865"
"2026-06-01","ethereum","sUSDS","sUSDS","Spark referrals","128","903183.0344648523","1.0999762493432845","993479.8867211348"
"2026-06-01","ethereum","sUSDS","sUSDS","Spark referrals","183","7971.169114785615","1.099921988330761","8767.664182055745"
"2026-06-01","ethereum","sUSDS","sUSDS","Spark referrals","184","0.000012526098496933362","1.1001037531178968","0.000013780007968400837"
"2026-06-01","ethereum","sUSDS","sUSDS","Spark referrals","186","0.00011596602973994685","1.099973322386","0.00012755953901696302"
"2026-06-01","ethereum","sUSDS","sUSDS","Spark referrals","188","35728.715171204254","1.1000188918587124","39302.26167016367"
"2026-06-01","ethereum","sUSDS","sUSDS","Spark referrals","190","4.420831787911605","1.0995529496084215","4.860938632120877"
"2026-06-01","ethereum","sUSDS","sUSDS","Spark referrals","200","1499.3664228390721","1.1005296923678733","1650.0972680738028"
"2026-06-01","ethereum","sUSDS","sUSDS","Spark referrals","204","0.00046836449428868217","1.0999733223859998","0.0005151884488703603"
"2026-06-01","ethereum","sUSDS","sUSDS","Spark referrals","224","9959.942903073987","1.099992266802207","10955.86017117291"
"2026-06-01","ethereum","sUSDS","sUSDS","Spark referrals","303","0.0016318086030599332","1.0999733223860002","0.0017949459306058925"
"2026-06-01","ethereum","sUSDS","sUSDS","non-Spark referrals","1001","642.3881372670867","1.0999551525879712","706.5981415483209"
"2026-06-01","ethereum","sUSDS","sUSDS","non-Spark referrals","1002","35050.32381632451","1.0998978150031373","38551.77458072775"
"2026-06-01","ethereum","sUSDS","sUSDS","non-Spark referrals","1015","0.000011866039639223534","1.0999733223860002","0.000013052327045520685"
"2026-06-01","ethereum","sUSDS","sUSDS","non-Spark referrals","2000","0.000003749843943739751","1.0999733223860002","0.0000041247283012244355"
"2026-06-01","ethereum","sUSDS","sUSDS","non-Spark referrals","2001","19950.33099424661","1.0999960847006434","21945.285982153167"
"2026-06-01","ethereum","sUSDS","sUSDS","non-Spark referrals","2002","3.05435817298914e-9","1.0999733223860002","3.359712507299698e-9"
"2026-06-01","ethereum","sUSDS","sUSDS","non-Spark referrals","2003","4.73361384884298e-8","1.0990506544935965","5.20248139869083e-8"
"2026-06-01","ethereum","sUSDS","sUSDS","non-Spark referrals","2008","30465.82636477588","1.099955113222331","33511.041488478935"
"2026-06-01","ethereum","sUSDS","sUSDS","non-Spark referrals","2012","3.4512993244313234e-8","1.1015194621485753","3.801673375561333e-8"
"2026-06-01","ethereum","sUSDS","sUSDS","non-Spark referrals","2222","1.4619531613070106e-9","1.1006660611762082","1.6091222276798931e-9"
"2026-06-01","ethereum","sUSDS","sUSDS","non-Spark referrals","3000","5.092587201887305","1.1011922349032783","5.607917482286114"
"2026-06-01","ethereum","sUSDS","sUSDS","non-Spark referrals","3007","4.63808743167495e-8","1.1015194621485753","5.108943573136658e-8"
"2026-06-01","ethereum","sUSDS","sUSDS","non-Spark referrals","3008","0.00002779278507092156","1.1009763796582244","0.000030599199888002366"
"2026-06-01","ethereum","sUSDS","sUSDS","non-Spark referrals","13425","0.0001492138864136032","1.099973322386","0.00016413129438449834"
"2026-06-01","optimism","sUSDS","sUSDS","non-Spark referrals","0","1573.0615184962362","1.099951709556151","1730.29170650693"
"2026-06-01","optimism","sUSDS","sUSDS","non-Spark referrals","1","131.1140882126298","1.0999907692402797","144.22428675124857"
"2026-06-01","optimism","sUSDS","sUSDS","non-Spark referrals","99","64.6735731901172","1.0999170006806218","71.13556264657238"
"2026-06-01","optimism","sUSDS","sUSDS","Spark referrals","128","736.3320148397078","1.0991447848653453","809.3354940404569"
"2026-06-01","optimism","sUSDS","sUSDS","non-Spark referrals","3000","0.00002908740710187104","1.0985044370667818","0.00003195264576417316"
"2026-06-01","optimism","sUSDS","sUSDS","non-Spark referrals","3001","0.0015730152634044928","1.1000970277256208","0.001730469415838317"
"2026-06-01","unichain","sUSDS","sUSDS","non-Spark referrals","0","55.27004856257639","1.099962019528694","60.79495423634053"
"2026-06-01","unichain","sUSDS","sUSDS","non-Spark referrals","1","0.5044738147179034","1.099973322386","0.5549077380319916"
"2026-06-01","unichain","sUSDS","sUSDS","non-Spark referrals","99","0.08444476436792356","1.0999733086569872","0.09288698686054453"
"2026-06-01","unichain","sUSDS","sUSDS","Spark referrals","128","2.4667641888475367","1.099792573584902","2.712928935679705"
"2026-06-01","arbitrum","sUSDC","sUSDC","Spark referrals","0","0.00005880844653846212","1.0995676409883643","0.00006466386483048713"
"2026-06-01","arbitrum","sUSDC","sUSDC","Spark referrals","127","296.23433371726884","1.1000725466476","325.87925789681094"
"2026-06-01","arbitrum","sUSDC","sUSDC","Spark referrals","128","18724.198395959313","1.0999890002026287","20596.41227316695"
"2026-06-01","arbitrum","sUSDC","sUSDC","Spark referrals","182","0.000002844123519829012","1.099973322386","0.000003128459997382483"
"2026-06-01","arbitrum","sUSDC","sUSDC","Spark referrals","190","0.0012325042691900966","1.0999733223859998","0.0013557218158359592"
"2026-06-01","arbitrum","sUSDC","sUSDC","Spark referrals","194","1.3916344025458853","1.0999515074010384","1.53073035883149"
"2026-06-01","arbitrum","sUSDC","sUSDC","Spark referrals","196","0.08971845408865878","1.0999733223860004","0.09868790602323783"
"2026-06-01","arbitrum","sUSDC","sUSDC","Spark referrals","200","1.1395614287250296e-9","1.1008792642257212","1.2545195471948223e-9"
"2026-06-01","arbitrum","sUSDC","sUSDC","Spark referrals","204","25.787540132341768","1.0999185650325785","28.364194138085388"
"2026-06-01","arbitrum","sUSDC","sUSDC","Spark referrals","555","0.0015184067520588559","1.0999733223859998","0.0016702069197955147"
"2026-06-01","arbitrum","sUSDC","sUSDC","Spark referrals","1004","0.0016261183850935844","1.0999733223860002","0.0017886868426443471"
"2026-06-01","arbitrum","sUSDC","sUSDC","Spark referrals","1017","0.08197409712995042","1.0999733223860002","0.09016931996962425"
"2026-06-01","base","sUSDC","sUSDC","Spark referrals","0","0.04147539397995416","1.099926293060628","0.04561987635360006"
"2026-06-01","base","sUSDC","sUSDC","Spark referrals","127","81.18749275396533","1.0998710236665583","89.29577076422514"
"2026-06-01","base","sUSDC","sUSDC","Spark referrals","128","939.7746084146224","1.0999341488525771","1033.6901840198018"
"2026-06-01","base","sUSDC","sUSDC","Spark referrals","129","14.92723700843865","1.10068420198284","16.43017395444201"
"2026-06-01","base","sUSDC","sUSDC","Spark referrals","182","0.008653926254001515","1.0999733223859998","0.009519088013297476"
"2026-06-01","base","sUSDC","sUSDC","Spark referrals","200","0.00003203536399935086","1.0999697899101561","0.00003523793260806134"
"2026-06-01","base","sUSDC","sUSDC","Spark referrals","204","0.060275853540897074","1.099868931180184","0.06629553860999977"
"2026-06-01","base","sUSDC","sUSDC","Spark referrals","206","0.0002996049868524887","1.0999733223860002","0.0003295574927915459"
"2026-06-01","base","sUSDC","sUSDC","Spark referrals","1004","0.003161504319731494","1.0999733223859998","0.003477570410312742"
"2026-06-01","base","sUSDC","sUSDC","Spark referrals","1017","0.7488752981830918","1.0999602337320384","0.8237330480256236"
"2026-06-01","ethereum","sUSDC","sUSDC","Spark referrals","0","6.183575950501556","1.099972466854135","6.8017632922531"
"2026-06-01","ethereum","sUSDC","sUSDC","Spark referrals","127","1769.2149448246307","1.1002809178569195","1946.6334433778238"
"2026-06-01","ethereum","sUSDC","sUSDC","Spark referrals","128","9515.968355404453","1.0999993910743475","10467.559396427658"
"2026-06-01","ethereum","sUSDC","sUSDC","Spark referrals","186","163.81456970460098","1.0999959857822261","180.19536908770377"
"2026-06-01","ethereum","sUSDC","sUSDC","Spark referrals","188","221.91630183989847","1.0999183411033715","244.08981058353618"
"2026-06-01","ethereum","sUSDC","sUSDC","Spark referrals","190","0.002136706573047698","1.099973322386","0.0023503202281192808"
"2026-06-01","ethereum","sUSDC","sUSDC","Spark referrals","191","1186.8035269989798","1.099973322386","1305.4522186124907"
"2026-06-01","ethereum","sUSDC","sUSDC","Spark referrals","192","6929.423529715342","1.0999918765165595","7622.30959162958"
"2026-06-01","ethereum","sUSDC","sUSDC","Spark referrals","194","0.11222937040637983","1.0999733223859998","0.12344931343519462"
"2026-06-01","ethereum","sUSDC","sUSDC","Spark referrals","195","304.26769746794747","1.0995257254500936","334.55016078947455"
"2026-06-01","ethereum","sUSDC","sUSDC","Spark referrals","204","0.00014899076385138676","1.099973322386","0.00016388586551843782"
"2026-06-01","ethereum","sUSDC","sUSDC","Spark referrals","216","135.60523358281944","1.100100090546054","149.17932974297847"
"2026-06-01","ethereum","sUSDC","sUSDC","Spark referrals","1017","2.1578019651005875","1.099973322386","2.3735245966027327"
"2026-06-01","optimism","sUSDC","sUSDC","Spark referrals","0","0.00005373807685456724","1.0995611289529446","0.000059088300453968055"
"2026-06-01","optimism","sUSDC","sUSDC","Spark referrals","127","10.039084247209352","1.0999088012607825","11.042077120104043"
"2026-06-01","optimism","sUSDC","sUSDC","Spark referrals","128","620.0625895696135","1.0999524053892904","682.0393368890086"
"2026-06-01","optimism","sUSDC","sUSDC","Spark referrals","200","0.000013758440279812953","1.1001000661448255","0.00001513566106187186"
"2026-06-01","optimism","sUSDC","sUSDC","Spark referrals","204","0.02277269428776587","1.0998844693290806","0.025047332771892746"
"2026-06-01","optimism","sUSDC","sUSDC","Spark referrals","1017","0.03856277714067782","1.099973322386","0.04241802609186228"
"2026-06-01","unichain","sUSDC","sUSDC","Spark referrals","0","0.000013956395539854057","1.099817115698314","0.000015349482688187104"
"2026-06-01","unichain","sUSDC","sUSDC","Spark referrals","127","0.57617010201534","1.099952470305359","0.6337597270278639"
"2026-06-01","unichain","sUSDC","sUSDC","Spark referrals","128","21.564572644582025","1.0999622746245568","23.720216377440938"
"2026-06-01","unichain","sUSDC","sUSDC","Spark referrals","1017","0.00013921619667927148","1.0999733223859998","0.00015313410239124105"
"2026-06-01","ethereum","USDS - Treasury","USDS - Treasury","Spark referrals","126","114726.74990740379","1","114726.74990740379"
"2026-05-01","ethereum","stakedUSDS","USDS-SPK","non-Spark referrals","0","115.57689776385298","1","115.57689776385298"
"2026-05-01","ethereum","stakedUSDS","USDS-SPK","non-Spark referrals","1","12022.194630382744","1","12022.194630382744"
"2026-05-01","ethereum","stakedUSDS","USDS-SPK","Spark referrals","127","172.48471924861815","1","172.48471924861815"
"2026-05-01","ethereum","stakedUSDS","USDS-SPK","Spark referrals","128","400011.94627833035","1","400011.94627833035"
"2026-05-01","ethereum","stakedUSDS","USDS-SPK","Spark referrals","224","396.9972962550638","1","396.9972962550638"
"2026-05-01","ethereum","stakedUSDS","USDS-SPK","non-Spark referrals","1007","1445.0422017194317","1","1445.0422017194317"
"2026-05-01","ethereum","stakedUSDS","USDS-SKY","non-Spark referrals","0","0.21832827918153086","1","0.21832827918153086"
"2026-05-01","ethereum","stakedUSDS","USDS-SKY","non-Spark referrals","1","1012.750699622949","1","1012.750699622949"
"2026-05-01","ethereum","stakedUSDS","USDS-SKY","non-Spark referrals","99","3717.3555311300365","1","3717.3555311300365"
"2026-05-01","ethereum","stakedUSDS","USDS-SKY","Spark referrals","128","221.39506100835436","1","221.39506100835436"
"2026-05-01","ethereum","stakedUSDS","USDS-SKY","Spark referrals","303","2.4656899631568833e-14","1","2.4656899631568833e-14"
"2026-05-01","ethereum","stakedUSDS","USDS-SKY","non-Spark referrals","1001","77.33646471796206","1","77.33646471796206"
"2026-05-01","ethereum","stakedUSDS","USDS-SKY","non-Spark referrals","1002","1.274195748941338","1","1.274195748941338"
"2026-05-01","ethereum","stakedUSDS","USDS-SKY","non-Spark referrals","1007","0.4952005891537389","1","0.4952005891537389"
"2026-05-01","ethereum","stakedUSDS","USDS-SKY","non-Spark referrals","1016","7.524688608266856e-19","1","7.524688608266856e-19"
"2026-05-01","ethereum","stakedUSDS","USDS-SKY","non-Spark referrals","13425","9.669231707178577","1","9.669231707178577"
"2026-05-01","ethereum","stUSDS","stUSDS","non-Spark referrals","0","0.004743351003148851","1.0522806296541387","0.004991336380264063"
"2026-05-01","ethereum","stUSDS","stUSDS","non-Spark referrals","1","3527.3268178243943","1.0522261272817366","3711.545437176374"
"2026-05-01","ethereum","stUSDS","stUSDS","non-Spark referrals","99","2934.7092002572763","1.0523984612612884","3088.483446600104"
"2026-05-01","ethereum","stUSDS","stUSDS","Spark referrals","197","10197.126515412434","1.0522450841027549","10729.876247816588"
"2026-05-01","ethereum","stUSDS","stUSDS","non-Spark referrals","2002","1.2912551671822424e-8","1.0542906308211024","1.3613582247595745e-8"
"2026-05-01","ethereum","spUSDT","spUSDT","Spark referrals","128","166463.72323729613","1.0211485636003454","169984.1918753304"
"2026-05-01","ethereum","spUSDT","spUSDT","Spark referrals","130","3805.2827122939484","1.021124155617765","3885.6660964780367"
"2026-05-01","ethereum","spUSDT","spUSDT","Spark referrals","186","337.0930123238946","1.0208881058425412","344.1342468440971"
"2026-05-01","ethereum","spUSDT","spUSDT","Spark referrals","188","7572.419095241212","1.0208483354555082","7730.291428748496"
"2026-05-01","ethereum","spUSDT","spUSDT","Spark referrals","190","82.61708201107679","1.020873839842045","84.34161774919309"
"2026-05-01","ethereum","spUSDT","spUSDT","Spark referrals","191","21413.68383292183","1.021185762190601","21867.349046230833"
"2026-05-01","ethereum","spUSDT","spUSDT","Spark referrals","198","0.0021510715390680563","1.0211360393365818","0.0021965366717336004"
"2026-05-01","ethereum","spUSDT","spUSDT","Spark referrals","200","0.016693807064294262","1.021149579025915","0.017046874056043933"
"2026-05-01","ethereum","spUSDT","spUSDT","Spark referrals","202","30.88311091641646","1.0211339893330733","31.535794253096128"
"2026-05-01","ethereum","spUSDT","spUSDT","Spark referrals","214","0.000006039882511070265","1.02199953691729","0.00000617275712934865"
"2026-05-01","ethereum","spUSDT","spUSDT","Spark referrals","223","0.00013433856883826486","1.0213331330905335","0.00013720443140648335"
"2026-05-01","avalanche_c","spUSDC","spUSDC","Spark referrals","128","3268.025062834272","1.016464955088118","3321.832948720682"
"2026-05-01","avalanche_c","spUSDC","spUSDC","Spark referrals","190","1528.303998970608","1.0163982073391205","1553.3654448229352"
"2026-05-01","avalanche_c","spUSDC","spUSDC","Spark referrals","191","29.10986907621233","1.0165345508482666","29.591187686639344"
"2026-05-01","avalanche_c","spUSDC","spUSDC","Spark referrals","198","0.000015844058895464964","1.0165345508482664","0.00001610603329291496"
"2026-05-01","ethereum","spUSDC","spUSDC","Spark referrals","0","0.000014578408752022223","1.0228416930797528","0.000014911404290327097"
"2026-05-01","ethereum","spUSDC","spUSDC","Spark referrals","128","108119.21502616143","1.0224720019467677","110548.87023671233"
"2026-05-01","ethereum","spUSDC","spUSDC","Spark referrals","186","684.6059869211274","1.0226397708393735","700.1053095802848"
"2026-05-01","ethereum","spUSDC","spUSDC","Spark referrals","190","1071.677287025605","1.023051972809387","1096.381562706557"
"2026-05-01","ethereum","spUSDC","spUSDC","Spark referrals","198","0.01673760746798472","1.0227634158082402","0.017118612586413562"
"2026-05-01","ethereum","spUSDC","spUSDC","Spark referrals","200","89.42735869259351","1.024012396526618","91.57472388984816"
"2026-05-01","ethereum","spUSDC","spUSDC","Spark referrals","202","1.68957821814441","1.0237219532717508","1.7296583136841994"
"2026-05-01","ethereum","spUSDC","spUSDC","Spark referrals","205","0.20803554306138772","1.0227634158082406","0.21277114263098723"
"2026-05-01","ethereum","spUSDC","spUSDC","Spark referrals","214","0.000006550777598190563","1.024180145152356","0.000006709176351375614"
"2026-05-01","ethereum","spUSDC","spUSDC","Spark referrals","223","0.0010923846385828928","1.0234173365672683","0.001117965377325502"
"2026-05-01","ethereum","spUSDC","spUSDC","Spark referrals","1017","0.04728909649965423","1.0227634158082406","0.04836555786647188"
"2026-05-01","ethereum","spUSDC","spUSDC","Spark referrals","4012","0.00010070403159598926","1.0233506954520404","0.00010305554076857985"
"2026-05-01","ethereum","spPYUSD","spPYUSD","Spark referrals","128","7.6730844791328625","1.0153514686441647","7.790877594918297"
"2026-05-01","ethereum","spPYUSD","spPYUSD","Spark referrals","130","0.000014802877248397966","1.0152498863369228","0.000015028619443895457"
"2026-05-01","arbitrum","sUSDS","sUSDS","non-Spark referrals","0","48444.12665489083","1.096717720131354","53129.53213870643"
"2026-05-01","arbitrum","sUSDS","sUSDS","non-Spark referrals","1","2301.740842925667","1.096663196645376","2524.234470652084"
"2026-05-01","arbitrum","sUSDS","sUSDS","non-Spark referrals","99","2836.3272120039223","1.0966289008361942","3110.398392911649"
"2026-05-01","arbitrum","sUSDS","sUSDS","Spark referrals","128","2488.738920856963","1.0965885755163418","2729.1226680546147"
"2026-05-01","arbitrum","sUSDS","sUSDS","Spark referrals","171","0.00025723794935030155","1.096712312472611","0.0002821160262876816"
"2026-05-01","arbitrum","sUSDS","sUSDS","non-Spark referrals","3000","0.0008543010625170634","1.0973149108117928","0.0009374372942223311"
"2026-05-01","arbitrum","sUSDS","sUSDS","non-Spark referrals","3333","0.0036804681222152922","1.096842504798925","0.004036893874003217"
"2026-05-01","arbitrum","sUSDS","sUSDS","non-Spark referrals","123623963915635","0.005974023569909275","1.097652420134072","0.006557401429448904"
"2026-05-01","arbitrum","sUSDS","sUSDS","non-Spark referrals","90000000000000000000","0.0036471434544255105","1.0967123124726108","0.003999867131822348"
"2026-05-01","base","sUSDS","sUSDS","non-Spark referrals","0","3937.1552209111182","1.0966084316096127","4317.517611806939"
"2026-05-01","base","sUSDS","sUSDS","non-Spark referrals","1","392.1366654334287","1.09665962180652","430.0404472106938"
"2026-05-01","base","sUSDS","sUSDS","non-Spark referrals","99","953.4113973896732","1.0965495013788078","1045.4627924165186"
"2026-05-01","base","sUSDS","sUSDS","Spark referrals","128","1861.3328900238366","1.0965278971635601","2041.0034398192097"
"2026-05-01","base","sUSDS","sUSDS","Spark referrals","129","0.8155223621105576","1.096903886566085","0.8945496485806247"
"2026-05-01","base","sUSDS","sUSDS","Spark referrals","170","0.000012627749965188804","1.096712312472611","0.000013849008865648147"
"2026-05-01","base","sUSDS","sUSDS","Spark referrals","171","0.0016973747108329012","1.0967123124726108","0.0018615317442500802"
"2026-05-01","base","sUSDS","sUSDS","Spark referrals","204","0.01683133253698373","1.0967123124726108","0.01845912962863092"
"2026-05-01","base","sUSDS","sUSDS","non-Spark referrals","1015","0.000059368287370305007","1.0967123124726108","0.0000651099317294257"
"2026-05-01","base","sUSDS","sUSDS","non-Spark referrals","1017","0.012546628479138795","1.0967123124726108","0.013760041933091025"
"2026-05-01","base","sUSDS","sUSDS","non-Spark referrals","3001","2.4219146721980107e-8","1.0981700224492457","2.6596740899378468e-8"
"2026-05-01","base","sUSDS","sUSDS","non-Spark referrals","3333","0.43848316413698324","1.0966683707719858","0.48087061722505064"
"2026-05-01","base","sUSDS","sUSDS","non-Spark referrals","9998","0.00023325885613196742","1.0967291011290858","0.0002558217756160114"
"2026-05-01","base","sUSDS","sUSDS","non-Spark referrals","123623963915635","0.00595986812225559","1.096467138925412","0.006534799548382354"
"2026-05-01","ethereum","sUSDS","sUSDS","non-Spark referrals","0","13509.96057757652","1.0963970445563591","14812.280849327819"
"2026-05-01","ethereum","sUSDS","sUSDS","non-Spark referrals","1","92090.15608008156","1.0967517416598866","101000.03907056025"
"2026-05-01","ethereum","sUSDS","sUSDS","non-Spark referrals","99","1447712.1680990001","1.096633446721245","1587609.584762693"
"2026-05-01","ethereum","sUSDS","sUSDS","Spark referrals","128","673313.3790336122","1.0969297260923814","738577.4604376759"
"2026-05-01","ethereum","sUSDS","sUSDS","Spark referrals","183","10803.197436490676","1.0966749670077012","11847.596192241095"
"2026-05-01","ethereum","sUSDS","sUSDS","Spark referrals","186","0.00011983156406461175","1.0967123124726108","0.00013142075173251016"
"2026-05-01","ethereum","sUSDS","sUSDS","Spark referrals","188","3287.443629372565","1.098180258597473","3610.205695028978"
"2026-05-01","ethereum","sUSDS","sUSDS","Spark referrals","190","6.198598944704825","1.0967123124726108","6.798079782737514"
"2026-05-01","ethereum","sUSDS","sUSDS","Spark referrals","200","0.0034107624550175804","1.096915640676372","0.003741318683540525"
"2026-05-01","ethereum","sUSDS","sUSDS","Spark referrals","204","0.00048397664409830486","1.0967123124726106","0.0005307831445317856"
"2026-05-01","ethereum","sUSDS","sUSDS","Spark referrals","224","3811.9797433816652","1.097900440420587","4185.174239133086"
"2026-05-01","ethereum","sUSDS","sUSDS","Spark referrals","303","0.001686202223161931","1.096712312472611","0.001849278739460379"
"2026-05-01","ethereum","sUSDS","sUSDS","non-Spark referrals","1001","721.8309173436994","1.0967040171962916","791.6348667873194"
"2026-05-01","ethereum","sUSDS","sUSDS","non-Spark referrals","1002","30244.773669317223","1.0968256466589072","33173.243437901154"
"2026-05-01","ethereum","sUSDS","sUSDS","non-Spark referrals","1007","8499.265939117391","1.0961947901796456","9316.851042811797"
"2026-05-01","ethereum","sUSDS","sUSDS","non-Spark referrals","1015","0.000012261574293864317","1.096712312472611","0.000013447419498378656"
"2026-05-01","ethereum","sUSDS","sUSDS","non-Spark referrals","2000","0.00000387483874186441","1.0967123124726108","0.0000042495833570485795"
"2026-05-01","ethereum","sUSDS","sUSDS","non-Spark referrals","2001","7713.564103632891","1.097805556054057","8467.993529947318"
"2026-05-01","ethereum","sUSDS","sUSDS","non-Spark referrals","2002","3.156170112088778e-9","1.0967123124726108","3.4614106221858233e-9"
"2026-05-01","ethereum","sUSDS","sUSDS","non-Spark referrals","2003","1.2505993817670725e-8","1.0973595866890549","1.3723572206895022e-8"
"2026-05-01","ethereum","sUSDS","sUSDS","non-Spark referrals","2008","10963.399564207282","1.097814715781453","12035.781376578725"
"2026-05-01","ethereum","sUSDS","sUSDS","non-Spark referrals","2222","13.44630768750577","1.0966974910332883","14.746531904549194"
"2026-05-01","ethereum","sUSDS","sUSDS","non-Spark referrals","3000","0.0006050150756341569","1.097895543210557","0.0006642433551139389"
"2026-05-01","ethereum","sUSDS","sUSDS","non-Spark referrals","4011","0.0066644213035970306","1.097161861917914","0.007311948886059929"
"2026-05-01","ethereum","sUSDS","sUSDS","non-Spark referrals","13425","0.00015418768262738994","1.0967123124726113","0.00016909952996907787"
"2026-05-01","optimism","sUSDS","sUSDS","non-Spark referrals","0","2567.8299332042016","1.0966451651949962","2815.9982812913777"
"2026-05-01","optimism","sUSDS","sUSDS","non-Spark referrals","1","128.42137336881947","1.0967124840407698","140.84132339124517"
"2026-05-01","optimism","sUSDS","sUSDS","non-Spark referrals","99","79.61275694387795","1.096560249880464","87.30018464805147"
"2026-05-01","optimism","sUSDS","sUSDS","Spark referrals","128","1270.4611625146517","1.096832682091202","1393.4833243736518"
"2026-05-01","optimism","sUSDS","sUSDS","Spark referrals","129","0.0008227917071446253","1.0954854825088434","0.0009013563703056048"
"2026-05-01","optimism","sUSDS","sUSDS","non-Spark referrals","3000","0.000386955627097382","1.0967123124726106","0.000424379000618259"
"2026-05-01","unichain","sUSDS","sUSDS","non-Spark referrals","0","73.69930545860153","1.0965974176844009","80.8184680510363"
"2026-05-01","unichain","sUSDS","sUSDS","non-Spark referrals","1","0.5212896085418335","1.0967123124726108","0.5717047320518562"
"2026-05-01","unichain","sUSDS","sUSDS","non-Spark referrals","99","0.08740058241672102","1.0967113341220849","0.09585320934528935"
"2026-05-01","unichain","sUSDS","sUSDS","Spark referrals","128","2.9235747847995075","1.0967094441282967","3.2063120771049727"
"2026-05-01","arbitrum","sUSDC","sUSDC","Spark referrals","0","0.0010087683004145998","1.095326851156655","0.0011049310060397741"
"2026-05-01","arbitrum","sUSDC","sUSDC","Spark referrals","127","271.5578387080006","1.096694723028985","297.8160487082205"
"2026-05-01","arbitrum","sUSDC","sUSDC","Spark referrals","128","18732.305024477082","1.0967213696283564","20544.11922274065"
"2026-05-01","arbitrum","sUSDC","sUSDC","Spark referrals","182","0.0000029389276371566453","1.096712312472611","0.000003223158125135731"
"2026-05-01","arbitrum","sUSDC","sUSDC","Spark referrals","190","0.0012735877448297663","1.0967123124726108","0.0013967593607690303"
"2026-05-01","arbitrum","sUSDC","sUSDC","Spark referrals","194","1.4838174234672221","1.0967101756108932","1.6273176670652403"
"2026-05-01","arbitrum","sUSDC","sUSDC","Spark referrals","195","0.6866436915758707","1.0955118950529255","0.7522263317844186"
"2026-05-01","arbitrum","sUSDC","sUSDC","Spark referrals","196","0.09299250288033695","1.0967103495718935","0.10198584034145965"
"2026-05-01","arbitrum","sUSDC","sUSDC","Spark referrals","204","27.62443964368186","1.0967121396096995","30.296058307141337"
"2026-05-01","arbitrum","sUSDC","sUSDC","Spark referrals","555","0.0015690203104608183","1.0967123124726104","0.0017207638930019772"
"2026-05-01","arbitrum","sUSDC","sUSDC","Spark referrals","1004","0.0016803223312633706","1.096712312472611","0.00184283018961922"
"2026-05-01","arbitrum","sUSDC","sUSDC","Spark referrals","1017","0.0847065670342821","1.0967123124726113","0.09289873501378378"
"2026-05-01","base","sUSDC","sUSDC","Spark referrals","0","0.047807117482018255","1.0967088186908671","0.05243048733871974"
"2026-05-01","base","sUSDC","sUSDC","Spark referrals","127","74.88039718549987","1.0967661879244255","82.12628777140758"
"2026-05-01","base","sUSDC","sUSDC","Spark referrals","128","1494.24327455512","1.0966000638442956","1638.587270276054"
"2026-05-01","base","sUSDC","sUSDC","Spark referrals","129","0.21608627537926664","1.0970175689719057","0.23705044050475688"
"2026-05-01","base","sUSDC","sUSDC","Spark referrals","182","0.00894239046246823","1.096712312472611","0.009807229723126554"
"2026-05-01","base","sUSDC","sUSDC","Spark referrals","200","0.00003395970246237664","1.0966827637427599","0.00003724302035232102"
"2026-05-01","base","sUSDC","sUSDC","Spark referrals","204","0.09135789869697997","1.0964536426089768","0.10016970080740559"
"2026-05-01","base","sUSDC","sUSDC","Spark referrals","206","0.0001935252870766236","1.0973369798856571","0.00021236245405216694"
"2026-05-01","base","sUSDC","sUSDC","Spark referrals","1004","0.003266887797055876","1.096712312472611","0.0035828360704977043"
"2026-05-01","base","sUSDC","sUSDC","Spark referrals","1017","0.7934333769481853","1.096737801382011","0.8701883773772571"
"2026-05-01","ethereum","sUSDC","sUSDC","Spark referrals","0","8.617950263121806","1.0966745212212863","9.451086478717965"
"2026-05-01","ethereum","sUSDC","sUSDC","Spark referrals","127","279.6864586792285","1.0973236396912978","306.90656281026077"
"2026-05-01","ethereum","sUSDC","sUSDC","Spark referrals","128","9661.726510315031","1.0966989773744313","10596.005583533928"
"2026-05-01","ethereum","sUSDC","sUSDC","Spark referrals","186","179.5526851459942","1.0967233264812732","196.91961813195945"
"2026-05-01","ethereum","sUSDC","sUSDC","Spark referrals","188","344.8929663859072","1.0965978875208464","378.2088983595841"
"2026-05-01","ethereum","sUSDC","sUSDC","Spark referrals","190","0.002207930125482621","1.0967123124726108","0.0024214641536959873"
"2026-05-01","ethereum","sUSDC","sUSDC","Spark referrals","191","1226.3636445656125","1.096712312472611","1344.968108563892"
"2026-05-01","ethereum","sUSDC","sUSDC","Spark referrals","192","9644.74959897429","1.0965805042340018","10576.244378453912"
"2026-05-01","ethereum","sUSDC","sUSDC","Spark referrals","194","0.11597034941992579","1.0967123124726113","0.12718611009058356"
"2026-05-01","ethereum","sUSDC","sUSDC","Spark referrals","195","1125.7719823332295","1.096362503196014","1234.2541885787984"
"2026-05-01","ethereum","sUSDC","sUSDC","Spark referrals","204","0.000153957122646433","1.0967123124726108","0.00016884667199919888"
"2026-05-01","ethereum","sUSDC","sUSDC","Spark referrals","216","172.35964101689527","1.0967635908869426","189.03777880567444"
"2026-05-01","ethereum","sUSDC","sUSDC","Spark referrals","1017","2.2370999821396245","1.096708025615607","2.4534455045170573"
"2026-05-01","optimism","sUSDC","sUSDC","Spark referrals","0","0.00014760447106129963","1.0960189717617663","0.000161777300600045"
"2026-05-01","optimism","sUSDC","sUSDC","Spark referrals","127","39.68573227821848","1.0958787205083882","43.49074951149251"
"2026-05-01","optimism","sUSDC","sUSDC","Spark referrals","128","988.9052580955052","1.0966759203391656","1084.5085840501283"
"2026-05-01","optimism","sUSDC","sUSDC","Spark referrals","204","0.03194203925479302","1.0966818664583142","0.035030255228431145"
"2026-05-01","optimism","sUSDC","sUSDC","Spark referrals","1017","0.04118991687570527","1.0966933298717485","0.04517270709555774"
"2026-05-01","unichain","sUSDC","sUSDC","Spark referrals","0","0.0011443249391203639","1.0952011762197098","0.0012532660193021704"
"2026-05-01","unichain","sUSDC","sUSDC","Spark referrals","127","0.5343186803783521","1.0967655497108082","0.5860223212059169"
"2026-05-01","unichain","sUSDC","sUSDC","Spark referrals","128","28.987991134257506","1.0965943726481473","31.788067952201168"
"2026-05-01","unichain","sUSDC","sUSDC","Spark referrals","1017","0.00014385673656858053","1.0967123124726106","0.0001577694542268911"
"2026-05-01","ethereum","USDS - Treasury","USDS - Treasury","Spark referrals","126","118567.80471245237","1","118567.80471245237"
"2026-04-01","ethereum","stakedUSDS","USDS-SPK","non-Spark referrals","0","179.82666709926744","1","179.82666709926744"
"2026-04-01","ethereum","stakedUSDS","USDS-SPK","non-Spark referrals","1","11558.71954463901","1","11558.71954463901"
"2026-04-01","ethereum","stakedUSDS","USDS-SPK","Spark referrals","127","397.7331959615991","1","397.7331959615991"
"2026-04-01","ethereum","stakedUSDS","USDS-SPK","Spark referrals","128","299366.4901370534","1","299366.4901370534"
"2026-04-01","ethereum","stakedUSDS","USDS-SPK","non-Spark referrals","1007","5225.033275171422","1","5225.033275171422"
"2026-04-01","ethereum","stakedUSDS","USDS-SPK","non-Spark referrals","1016","0.4422224278365224","1","0.4422224278365224"
"2026-04-01","ethereum","stakedUSDS","USDS-SKY","non-Spark referrals","0","0.21051423973711578","1","0.21051423973711578"
"2026-04-01","ethereum","stakedUSDS","USDS-SKY","non-Spark referrals","1","1747.6126255577642","1","1747.6126255577642"
"2026-04-01","ethereum","stakedUSDS","USDS-SKY","non-Spark referrals","99","3634.3821022974503","1","3634.3821022974503"
"2026-04-01","ethereum","stakedUSDS","USDS-SKY","Spark referrals","128","1853.8637651654744","1","1853.8637651654744"
"2026-04-01","ethereum","stakedUSDS","USDS-SKY","Spark referrals","303","2.3861515772485968e-14","1","2.3861515772485968e-14"
"2026-04-01","ethereum","stakedUSDS","USDS-SKY","non-Spark referrals","1001","624.476308535292","1","624.476308535292"
"2026-04-01","ethereum","stakedUSDS","USDS-SKY","non-Spark referrals","1002","1.233092660265811","1","1.233092660265811"
"2026-04-01","ethereum","stakedUSDS","USDS-SKY","non-Spark referrals","1007","2.736057282538434","1","2.736057282538434"
"2026-04-01","ethereum","stakedUSDS","USDS-SKY","non-Spark referrals","1016","0.14773560337865937","1","0.14773560337865937"
"2026-04-01","ethereum","stakedUSDS","USDS-SKY","non-Spark referrals","13425","641.1623492109939","1","641.1623492109939"
"2026-04-01","ethereum","stUSDS","stUSDS","non-Spark referrals","0","0.00459033968046663","1.0460363370811043","0.00480166210531336"
"2026-04-01","ethereum","stUSDS","stUSDS","non-Spark referrals","1","2877.4682496391356","1.0463999315336194","3010.982579412555"
"2026-04-01","ethereum","stUSDS","stUSDS","non-Spark referrals","99","3255.0903819197338","1.045669200655083","3403.747757722057"
"2026-04-01","ethereum","stUSDS","stUSDS","Spark referrals","197","8133.735484924216","1.0461282811185664","8508.930721916859"
"2026-04-01","ethereum","spUSDT","spUSDT","Spark referrals","128","113402.52081325049","1.0187711742085024","115531.21928711933"
"2026-04-01","ethereum","spUSDT","spUSDT","Spark referrals","130","4273.326283108775","1.0187322439910311","4353.375273697255"
"2026-04-01","ethereum","spUSDT","spUSDT","Spark referrals","186","501.30751072353985","1.0192688824253515","510.96714620661743"
"2026-04-01","ethereum","spUSDT","spUSDT","Spark referrals","188","12253.357607629518","1.018850741333392","12484.342482356493"
"2026-04-01","ethereum","spUSDT","spUSDT","Spark referrals","190","131.13861575628562","1.0187167700848219","133.5931070766378"
"2026-04-01","ethereum","spUSDT","spUSDT","Spark referrals","191","10966.970426143062","1.0190154129612983","11175.511897730517"
"2026-04-01","ethereum","spUSDT","spUSDT","Spark referrals","198","0.0020807993282546677","1.0187881416923747","0.0021198936808673146"
"2026-04-01","ethereum","spUSDT","spUSDT","Spark referrals","200","0.488822961364653","1.0179316651105617","0.49758837100619696"
"2026-04-01","ethereum","spUSDT","spUSDT","Spark referrals","202","38.84637438725866","1.018679183509124","39.5719929431024"
"2026-04-01","avalanche_c","spUSDC","spUSDC","Spark referrals","128","6461.314161931302","1.0133636431667878","6547.660858779865"
"2026-04-01","avalanche_c","spUSDC","spUSDC","Spark referrals","190","2013.1990511260665","1.0135356447690582","2040.448998331514"
"2026-04-01","avalanche_c","spUSDC","spUSDC","Spark referrals","191","27.819614729984373","1.0136124436978626","28.198307669192513"
"2026-04-01","avalanche_c","spUSDC","spUSDC","Spark referrals","198","0.000015141793083198887","1.0136124436978624","0.000015347909889028614"
"2026-04-01","ethereum","spUSDC","spUSDC","Spark referrals","0","4.674186065207592e-7","1.0211190577883824","4.772900470832363e-7"
"2026-04-01","ethereum","spUSDC","spUSDC","Spark referrals","128","67384.14337934811","1.0197922385962883","68717.82642271867"
"2026-04-01","ethereum","spUSDC","spUSDC","Spark referrals","186","319.4823438556598","1.0203425268755175","325.98142202179685"
"2026-04-01","ethereum","spUSDC","spUSDC","Spark referrals","190","706.4951517891764","1.0196591106970443","720.384218185125"
"2026-04-01","ethereum","spUSDC","spUSDC","Spark referrals","198","0.01611255210894546","1.0196951930313665","0.01642989193295909"
"2026-04-01","ethereum","spUSDC","spUSDC","Spark referrals","200","31.460206143191986","1.020034801055221","32.090505114427074"
"2026-04-01","ethereum","spUSDC","spUSDC","Spark referrals","202","0.1704341760324264","1.0196957555022486","0.17379100589278823"
"2026-04-01","ethereum","spUSDC","spUSDC","Spark referrals","204","4.474643703217437","1.0192238675603726","4.560663661147944"
"2026-04-01","ethereum","spUSDC","spUSDC","Spark referrals","205","0.20178545959854643","1.0196857934298642","0.20575776647335364"
"2026-04-01","ethereum","spUSDC","spUSDC","Spark referrals","1017","0.045523115116247306","1.0196951930313667","0.04641970165585092"
"2026-04-01","ethereum","spPYUSD","spPYUSD","Spark referrals","128","82.07390637530877","1.0126133620149436","83.10913426840112"
"2026-04-01","ethereum","spPYUSD","spPYUSD","Spark referrals","130","0.006558650310281764","1.012040631916868","0.006637620604539318"
"2026-04-01","arbitrum","sUSDS","sUSDS","non-Spark referrals","0","48124.765417919","1.093352834056923","52617.34865800633"
"2026-04-01","arbitrum","sUSDS","sUSDS","non-Spark referrals","1","1966.818319801826","1.0936412650809768","2150.99367545251"
"2026-04-01","arbitrum","sUSDS","sUSDS","non-Spark referrals","99","5371.169006604355","1.0931226982188815","5871.346757088982"
"2026-04-01","arbitrum","sUSDS","sUSDS","Spark referrals","128","2456.727564774453","1.0937058832665074","2686.937391176819"
"2026-04-01","arbitrum","sUSDS","sUSDS","Spark referrals","171","0.00024893995098416283","1.0934111482363211","0.000272193717647487"
"2026-04-01","arbitrum","sUSDS","sUSDS","Spark referrals","200","0.0012240078353498347","1.0937957781334682","0.0013388146027079346"
"2026-04-01","arbitrum","sUSDS","sUSDS","non-Spark referrals","3000","0.00009515078788043365","1.0948390781024528","0.00010417480088373602"
"2026-04-01","arbitrum","sUSDS","sUSDS","non-Spark referrals","3333","0.003135375510938239","1.093411625366871","0.0034282560335504634"
"2026-04-01","arbitrum","sUSDS","sUSDS","non-Spark referrals","123623963915635","0.003461682184911893","1.092600938348261","0.003782237203498193"
"2026-04-01","arbitrum","sUSDS","sUSDS","non-Spark referrals","90000000000000000000","0.0035284840006340286","1.0934124714519624","0.0038580884116119606"
"2026-04-01","base","sUSDS","sUSDS","non-Spark referrals","0","5279.644586989348","1.0933094904267837","5772.285533035851"
"2026-04-01","base","sUSDS","sUSDS","non-Spark referrals","1","412.8273986576325","1.0934030571835063","451.3867397813695"
"2026-04-01","base","sUSDS","sUSDS","non-Spark referrals","99","969.7096970380536","1.0934750582224313","1060.3533674275418"
"2026-04-01","base","sUSDS","sUSDS","Spark referrals","128","1983.0867535579819","1.0936252402351083","2168.7537272669088"
"2026-04-01","base","sUSDS","sUSDS","Spark referrals","129","0.6229146376639636","1.0933823024305795","0.6810838407467348"
"2026-04-01","base","sUSDS","sUSDS","Spark referrals","170","0.000012220403192118198","1.0934111482363216","0.000013361925086204767"
"2026-04-01","base","sUSDS","sUSDS","Spark referrals","171","0.0016426206879028077","1.0934111482363211","0.0017960597724765448"
"2026-04-01","base","sUSDS","sUSDS","Spark referrals","200","9.176637628676559e-9","1.0927007892027694","1.0027319179082705e-8"
"2026-04-01","base","sUSDS","sUSDS","Spark referrals","204","0.013194575890949873","1.0937131596409233","0.014431081287812737"
"2026-04-01","base","sUSDS","sUSDS","non-Spark referrals","1015","0.00005745318132610162","1.0934111482363218","0.00006281994896360237"
"2026-04-01","base","sUSDS","sUSDS","non-Spark referrals","1017","0.012141898528198835","1.0934111482363211","0.013276087211486785"
"2026-04-01","base","sUSDS","sUSDS","non-Spark referrals","3333","0.4431696935244157","1.0934278679836467","0.4845740931453679"
"2026-04-01","base","sUSDS","sUSDS","non-Spark referrals","9998","0.0006325655861106747","1.0930962273896563","0.0006914550557541053"
"2026-04-01","ethereum","sUSDS","sUSDS","non-Spark referrals","0","8860.32363724886","1.0932616924583605","9686.652415387505"
"2026-04-01","ethereum","sUSDS","sUSDS","non-Spark referrals","1","83749.60364975854","1.0933923541901442","91571.17629710099"
"2026-04-01","ethereum","sUSDS","sUSDS","non-Spark referrals","99","1309372.2389882728","1.093408249739804","1431678.408090056"
"2026-04-01","ethereum","sUSDS","sUSDS","Spark referrals","128","721674.1494274526","1.0933005538315126","789006.7472549197"
"2026-04-01","ethereum","sUSDS","sUSDS","Spark referrals","183","9066.634855555694","1.0933458866232497","9912.967924836801"
"2026-04-01","ethereum","sUSDS","sUSDS","Spark referrals","186","0.00011596602973994685","1.0934111482363216","0.0001267985497343627"
"2026-04-01","ethereum","sUSDS","sUSDS","Spark referrals","188","0.000211760744476666","1.0933791852818513","0.00023153479027057536"
"2026-04-01","ethereum","sUSDS","sUSDS","Spark referrals","190","6.963318987158738","1.0942372640919598","7.619523117508173"
"2026-04-01","ethereum","sUSDS","sUSDS","Spark referrals","204","0.0004598213596723724","1.093440775017398","0.0005027874238897126"
"2026-04-01","ethereum","sUSDS","sUSDS","Spark referrals","219","13.05579845139713","1.0925018843058436","14.263484409268681"
"2026-04-01","ethereum","sUSDS","sUSDS","Spark referrals","303","0.0016318086030599332","1.0934111482363216","0.0017842377183736693"
"2026-04-01","ethereum","sUSDS","sUSDS","non-Spark referrals","1001","701.6452367023709","1.0934117462678883","767.1871435232852"
"2026-04-01","ethereum","sUSDS","sUSDS","non-Spark referrals","1002","26479.72017826214","1.093416785031448","28953.37050584775"
"2026-04-01","ethereum","sUSDS","sUSDS","non-Spark referrals","1007","8127.019250603278","1.0931924221766376","8884.39585964316"
"2026-04-01","ethereum","sUSDS","sUSDS","non-Spark referrals","1015","0.000011866039639223534","1.0934111482363214","0.00001297446002694111"
"2026-04-01","ethereum","sUSDS","sUSDS","non-Spark referrals","2000","0.0000020418088344539755","1.0941605729731458","0.0000022340667242077928"
"2026-04-01","ethereum","sUSDS","sUSDS","non-Spark referrals","2001","75.19879153569637","1.0936747154805309","82.24301693728248"
"2026-04-01","ethereum","sUSDS","sUSDS","non-Spark referrals","2002","106840.89010542317","1.092628248745526","116737.37465030172"
"2026-04-01","ethereum","sUSDS","sUSDS","non-Spark referrals","2005","7561.260967771777","1.0923940262347784","8259.87631199609"
"2026-04-01","ethereum","sUSDS","sUSDS","non-Spark referrals","2222","9.761781043121884","1.093833740936121","10.677765476597319"
"2026-04-01","ethereum","sUSDS","sUSDS","non-Spark referrals","3000","0.000001891078660403887","1.0942265997992138","0.000002069268572526597"
"2026-04-01","ethereum","sUSDS","sUSDS","non-Spark referrals","13425","0.00014921388641360323","1.0934111482363211","0.0001631521268763019"
"2026-04-01","optimism","sUSDS","sUSDS","non-Spark referrals","0","5491.327727596135","1.0931427749358162","6002.80523022643"
"2026-04-01","optimism","sUSDS","sUSDS","non-Spark referrals","1","126.76435811395675","1.0933926705197992","138.60322004494734"
"2026-04-01","optimism","sUSDS","sUSDS","non-Spark referrals","99","78.59492892644111","1.0934853839154095","85.94240603093378"
"2026-04-01","optimism","sUSDS","sUSDS","Spark referrals","128","1041.8595141313403","1.093437555663177","1139.208320476198"
"2026-04-01","optimism","sUSDS","sUSDS","Spark referrals","129","0.00013478800654600134","1.094642988867582","0.00014754474634901812"
"2026-04-01","optimism","sUSDS","sUSDS","Spark referrals","200","5.210706965447084e-9","1.0926983586599641","5.693730948602071e-9"
"2026-04-01","optimism","sUSDS","sUSDS","non-Spark referrals","3000","0.00003320863478204574","1.094896110178356","0.00003636000504719554"
"2026-04-01","unichain","sUSDS","sUSDS","non-Spark referrals","0","133.3724202128344","1.0933502025508732","145.82276265440268"
"2026-04-01","unichain","sUSDS","sUSDS","non-Spark referrals","1","0.5044738147179034","1.0934111482363214","0.55159729300586"
"2026-04-01","unichain","sUSDS","sUSDS","non-Spark referrals","99","0.08465894605424942","1.093411152797454","0.09256703579979433"
"2026-04-01","unichain","sUSDS","sUSDS","Spark referrals","128","2.8388129511500733","1.0934105678858776","3.103988081038786"
"2026-04-01","unichain","sUSDS","sUSDS","Spark referrals","200","2.605347789144104e-9","1.0926983586599641","2.846859252936129e-9"
"2026-04-01","arbitrum","sUSDC","sUSDC","Spark referrals","0","0.0006099213013254266","1.0949394604200928","0.0006678269005719834"
"2026-04-01","arbitrum","sUSDC","sUSDC","Spark referrals","127","331.86102712768275","1.093334503904781","362.83511145997613"
"2026-04-01","arbitrum","sUSDC","sUSDC","Spark referrals","128","18409.63965493797","1.0933549836566971","20128.27126405039"
"2026-04-01","arbitrum","sUSDC","sUSDC","Spark referrals","182","0.000002844123519829012","1.0934111482363214","0.000003109796363542168"
"2026-04-01","arbitrum","sUSDC","sUSDC","Spark referrals","190","0.0012325042691900968","1.0934111482363214","0.0013476339081813118"
"2026-04-01","arbitrum","sUSDC","sUSDC","Spark referrals","194","1.4539754532334739","1.0934021781701824","1.5897799275714584"
"2026-04-01","arbitrum","sUSDC","sUSDC","Spark referrals","195","0.2575375931895068","1.094818649432841","0.2819569599539202"
"2026-04-01","arbitrum","sUSDC","sUSDC","Spark referrals","196","0.09016538195991418","1.0934111482363216","0.09858783381995628"
"2026-04-01","arbitrum","sUSDC","sUSDC","Spark referrals","204","26.732943900021","1.0934112680762627","29.230102089133553"
"2026-04-01","arbitrum","sUSDC","sUSDC","Spark referrals","555","0.0015184067520588559","1.0934111482363214","0.0016602428702584568"
"2026-04-01","arbitrum","sUSDC","sUSDC","Spark referrals","1004","0.0016261183850935846","1.0934111482363216","0.0017780159706133692"
"2026-04-01","arbitrum","sUSDC","sUSDC","Spark referrals","1017","69.78583259195135","1.0927475302747747","76.25829621302371"
"2026-04-01","base","sUSDC","sUSDC","Spark referrals","0","0.04023257812973309","1.093479571735692","0.04399350230312331"
"2026-04-01","base","sUSDC","sUSDC","Spark referrals","127","102.55584218817891","1.0931306435135677","112.10693376723992"
"2026-04-01","base","sUSDC","sUSDC","Spark referrals","128","1874.5349857593928","1.0933591709677821","2049.540017979993"
"2026-04-01","base","sUSDC","sUSDC","Spark referrals","129","0.07814913445337243","1.0933374490682572","0.08544337531014247"
"2026-04-01","base","sUSDC","sUSDC","Spark referrals","182","0.008653926254001514","1.0934111482363216","0.009462299442140243"
"2026-04-01","base","sUSDC","sUSDC","Spark referrals","200","0.000031962108705096475","1.0934111482363218","0.00003494772597929367"
"2026-04-01","base","sUSDC","sUSDC","Spark referrals","204","0.14643440874071403","1.093357193790098","0.16010511421505932"
"2026-04-01","base","sUSDC","sUSDC","Spark referrals","1004","0.0031615043197314938","1.0934111482363216","0.003456824068391703"
"2026-04-01","base","sUSDC","sUSDC","Spark referrals","1017","1.0576304817844668","1.0930905595913047","1.156085895174604"
"2026-04-01","ethereum","sUSDC","sUSDC","Spark referrals","0","10.878410758808425","1.0932777692092208","11.893124646931662"
"2026-04-01","ethereum","sUSDC","sUSDC","Spark referrals","127","140.61878658025256","1.093319002348365","153.7411914553594"
"2026-04-01","ethereum","sUSDC","sUSDC","Spark referrals","128","11946.999286392613","1.0933681637777195","13062.468672416815"
"2026-04-01","ethereum","sUSDC","sUSDC","Spark referrals","186","502.8935081287326","1.0929216593930524","549.6232074020479"
"2026-04-01","ethereum","sUSDC","sUSDC","Spark referrals","188","2218.4251293419807","1.0933715752252977","2425.562978188026"
"2026-04-01","ethereum","sUSDC","sUSDC","Spark referrals","190","9.169734866115059","1.0927580962941597","10.020302015818073"
"2026-04-01","ethereum","sUSDC","sUSDC","Spark referrals","191","840.8458497712684","1.0937414203871394","919.6679340554583"
"2026-04-01","ethereum","sUSDC","sUSDC","Spark referrals","192","13808.904950156159","1.0933357775179737","15097.769830350779"
"2026-04-01","ethereum","sUSDC","sUSDC","Spark referrals","194","0.1122293704063798","1.0934111482363218","0.1227128447618792"
"2026-04-01","ethereum","sUSDC","sUSDC","Spark referrals","195","1820.4094706196963","1.0931682929360615","1990.0139134419728"
"2026-04-01","ethereum","sUSDC","sUSDC","Spark referrals","204","0.00016119985606379526","1.09339891334637","0.00017625574745174497"
"2026-04-01","ethereum","sUSDC","sUSDC","Spark referrals","216","138.2956333956786","1.0933472004556783","151.20514360841003"
"2026-04-01","ethereum","sUSDC","sUSDC","Spark referrals","1017","7.746777974210303","1.0929688571917417","8.466987069390791"
"2026-04-01","optimism","sUSDC","sUSDC","Spark referrals","0","0.00007746766203245905","1.0948307980390488","0.00008481398224521647"
"2026-04-01","optimism","sUSDC","sUSDC","Spark referrals","127","747.450902402883","1.0930260866261285","816.9833347985915"
"2026-04-01","optimism","sUSDC","sUSDC","Spark referrals","128","1452.2293652730168","1.0932028380651937","1587.5812636380767"
"2026-04-01","optimism","sUSDC","sUSDC","Spark referrals","194","0.008347724759314699","1.0922372679459735","0.009117696084678845"
"2026-04-01","optimism","sUSDC","sUSDC","Spark referrals","204","0.07763326512911606","1.0930217984244794","0.08485485106899086"
"2026-04-01","optimism","sUSDC","sUSDC","Spark referrals","1017","0.043226029325096504","1.0933761102076105","0.04726230780319412"
"2026-04-01","unichain","sUSDC","sUSDC","Spark referrals","0","0.0007407822249044204","1.0949540819810446","0.0008111225210180954"
"2026-04-01","unichain","sUSDC","sUSDC","Spark referrals","127","1.677620753708072","1.0930574359196763","1.83373583949378"
"2026-04-01","unichain","sUSDC","sUSDC","Spark referrals","128","51.7499758530255","1.0933596701351789","56.58133652816743"
"2026-04-01","unichain","sUSDC","sUSDC","Spark referrals","200","1.971427577837202e-9","1.0926983586599641","2.1541756785196994e-9"
"2026-04-01","unichain","sUSDC","sUSDC","Spark referrals","1017","0.00013921619667927148","1.0934111482363214","0.00015222054146417577"
"2026-04-01","ethereum","USDS - Treasury","USDS - Treasury","Spark referrals","126","115359.51447760704","1","115359.51447760704"
"2026-03-01","ethereum","stakedUSDS","USDS-SPK","non-Spark referrals","0","180.59640861937623","1","180.59640861937623"
"2026-03-01","ethereum","stakedUSDS","USDS-SPK","non-Spark referrals","1","11831.24961987136","1","11831.24961987136"
"2026-03-01","ethereum","stakedUSDS","USDS-SPK","Spark referrals","127","351.4855216232068","1","351.4855216232068"
"2026-03-01","ethereum","stakedUSDS","USDS-SPK","Spark referrals","128","236624.408779495","1","236624.408779495"
"2026-03-01","ethereum","stakedUSDS","USDS-SPK","non-Spark referrals","1007","4628.610029240477","1","4628.610029240477"
"2026-03-01","ethereum","stakedUSDS","USDS-SKY","non-Spark referrals","0","4.305060941002772","1","4.305060941002772"
"2026-03-01","ethereum","stakedUSDS","USDS-SKY","non-Spark referrals","1","2741.3226850997676","1","2741.3226850997676"
"2026-03-01","ethereum","stakedUSDS","USDS-SKY","non-Spark referrals","99","4471.409979142768","1","4471.409979142768"
"2026-03-01","ethereum","stakedUSDS","USDS-SKY","Spark referrals","128","2561.884193160127","1","2561.884193160127"
"2026-03-01","ethereum","stakedUSDS","USDS-SKY","Spark referrals","303","2.4656899631568833e-14","1","2.4656899631568833e-14"
"2026-03-01","ethereum","stakedUSDS","USDS-SKY","non-Spark referrals","1001","811.8272807307621","1","811.8272807307621"
"2026-03-01","ethereum","stakedUSDS","USDS-SKY","non-Spark referrals","1002","1.274860056953132","1","1.274860056953132"
"2026-03-01","ethereum","stakedUSDS","USDS-SKY","non-Spark referrals","1007","98.97080055441657","1","98.97080055441657"
"2026-03-01","ethereum","stakedUSDS","USDS-SKY","non-Spark referrals","1016","8.978125634163069","1","8.978125634163069"
"2026-03-01","ethereum","stakedUSDS","USDS-SKY","non-Spark referrals","13425","858.0099988032631","1","858.0099988032631"
"2026-03-01","ethereum","stUSDS","stUSDS","non-Spark referrals","0","0.004743351003148851","1.0408673307195413","0.004937199097313403"
"2026-03-01","ethereum","stUSDS","stUSDS","non-Spark referrals","1","2830.3304370765604","1.040795062574111","2945.793944362509"
"2026-03-01","ethereum","stUSDS","stUSDS","non-Spark referrals","99","8050.470563193943","1.0409258898983258","8379.943235092931"
"2026-03-01","ethereum","stUSDS","stUSDS","Spark referrals","197","5356.872731380885","1.040918679924928","5576.068892074834"
"2026-03-01","ethereum","spUSDT","spUSDT","Spark referrals","128","56564.94110606762","1.016392631603671","57492.189347302745"
"2026-03-01","ethereum","spUSDT","spUSDT","Spark referrals","130","3641.2753227579806","1.016522438775966","3701.438071344685"
"2026-03-01","ethereum","spUSDT","spUSDT","Spark referrals","186","189.67592435975456","1.0160626866208395","192.72262929226335"
"2026-03-01","ethereum","spUSDT","spUSDT","Spark referrals","188","8108.5675900659835","1.016523460109526","8242.549183185834"
"2026-03-01","ethereum","spUSDT","spUSDT","Spark referrals","190","146.31178312374846","1.0161440436234743","148.67384693312655"
"2026-03-01","ethereum","spUSDT","spUSDT","Spark referrals","191","7870.613498199006","1.0161221763652217","7997.504917119465"
"2026-03-01","ethereum","spUSDT","spUSDT","Spark referrals","198","0.002122455495403152","1.0161221763652217","0.002156674097227376"
"2026-03-01","ethereum","spUSDT","spUSDT","Spark referrals","200","0.4656049323796135","1.0171517104315049","0.473590853355269"
"2026-03-01","ethereum","spUSDT","spUSDT","Spark referrals","202","40.677720231082574","1.0161327468213328","41.33396359283964"
"2026-03-01","avalanche_c","spUSDC","spUSDC","Spark referrals","128","17108.02517013163","1.0103190018305546","17284.56291317939"
"2026-03-01","avalanche_c","spUSDC","spUSDC","Spark referrals","190","3389.335427103116","1.0103125114191145","3424.287987398326"
"2026-03-01","avalanche_c","spUSDC","spUSDC","Spark referrals","191","28.709946563847293","1.0104674209889732","29.01046566110201"
"2026-03-01","avalanche_c","spUSDC","spUSDC","Spark referrals","198","0.000015626387155927257","1.0104674209889732","0.00001578995512882503"
"2026-03-01","avalanche_c","spUSDC","spUSDC","Spark referrals","202","1.0393616092230156","1.0090837786759146","1.04880294004544"
"2026-03-01","ethereum","spUSDC","spUSDC","Spark referrals","128","62097.64365393923","1.0166324743547004","63130.48111950069"
"2026-03-01","ethereum","spUSDC","spUSDC","Spark referrals","186","69.11184590841188","1.0166678172620411","70.26378952665563"
"2026-03-01","ethereum","spUSDC","spUSDC","Spark referrals","190","610.0889483619682","1.0166857850608622","620.2687614223433"
"2026-03-01","ethereum","spUSDC","spUSDC","Spark referrals","198","0.016598074069571717","1.0165569541737425","0.016872887621314"
"2026-03-01","ethereum","spUSDC","spUSDC","Spark referrals","200","5.17283090431531","1.0166593764719527","5.259007041776051"
"2026-03-01","ethereum","spUSDC","spUSDC","Spark referrals","202","0.175458063496756","1.016556954173742","0.1783631146134853"
"2026-03-01","ethereum","spUSDC","spUSDC","Spark referrals","204","3.027847122239973","1.0174273215411684","3.080614387616751"
"2026-03-01","ethereum","spUSDC","spUSDC","Spark referrals","205","0.19434400346269037","1.0167098159379202","0.19759145598919045"
"2026-03-01","ethereum","spUSDC","spUSDC","Spark referrals","1017","0.07105700458972422","1.0163271089485606","0.07221716004521903"
"2026-03-01","ethereum","spPYUSD","spPYUSD","Spark referrals","128","47.97626129532094","1.0097043550585547","48.441839969312724"
"2026-03-01","ethereum","spPYUSD","spPYUSD","Spark referrals","130","0.0068494145562683585","1.0102384763538403","0.006919542125240362"
"2026-03-01","arbitrum","sUSDS","sUSDS","non-Spark referrals","0","51246.6969215383","1.0900611911766993","55862.03549016333"
"2026-03-01","arbitrum","sUSDS","sUSDS","non-Spark referrals","1","1797.3703685816122","1.0901278652890272","1959.363523035625"
"2026-03-01","arbitrum","sUSDS","sUSDS","non-Spark referrals","99","5417.057457973483","1.09038556994339","5906.681283728507"
"2026-03-01","arbitrum","sUSDS","sUSDS","Spark referrals","128","1223.1924633603185","1.0901292885056797","1333.4379297884936"
"2026-03-01","arbitrum","sUSDS","sUSDS","Spark referrals","171","0.00025723794935030155","1.0900490883537741","0.00028040199217929055"
"2026-03-01","arbitrum","sUSDS","sUSDS","non-Spark referrals","3333","0.0031289430517904746","1.090090026814202","0.003410829615226389"
"2026-03-01","arbitrum","sUSDS","sUSDS","non-Spark referrals","123623963915635","0.004259362259825252","1.090636739016662","0.004645416965346452"
"2026-03-01","arbitrum","sUSDS","sUSDS","non-Spark referrals","90000000000000000000","0.0042084021642924884","1.0898406612824303","0.004586487797674937"
"2026-03-01","base","sUSDS","sUSDS","non-Spark referrals","0","4679.301277654202","1.090243270509462","5101.576728648822"
"2026-03-01","base","sUSDS","sUSDS","non-Spark referrals","1","498.9593552289738","1.0898471204742353","543.7894165299781"
"2026-03-01","base","sUSDS","sUSDS","non-Spark referrals","99","1690.6868976015364","1.089773350963017","1842.4655258284936"
"2026-03-01","base","sUSDS","sUSDS","Spark referrals","128","1394.8276898284998","1.0901494791748325","1520.570679605174"
"2026-03-01","base","sUSDS","sUSDS","Spark referrals","129","0.4699282281592263","1.0902582232137794","0.5123431150708776"
"2026-03-01","base","sUSDS","sUSDS","Spark referrals","170","0.000012627749965188804","1.0900490883537741","0.000013764867337513458"
"2026-03-01","base","sUSDS","sUSDS","Spark referrals","171","0.001697374710832901","1.0900490883537743","0.0018502217561381551"
"2026-03-01","base","sUSDS","sUSDS","Spark referrals","204","0.00010969094062991271","1.0911435603574546","0.00011968856349788114"
"2026-03-01","base","sUSDS","sUSDS","Spark referrals","205","0.000028046050455309963","1.088394819721736","0.0000305251760292138"
"2026-03-01","base","sUSDS","sUSDS","non-Spark referrals","1015","0.00005936828737030501","1.090049088353774","0.00006471434752512585"
"2026-03-01","base","sUSDS","sUSDS","non-Spark referrals","1017","0.012546628479138795","1.0900490883537741","0.013676440935598742"
"2026-03-01","base","sUSDS","sUSDS","non-Spark referrals","3333","0.44115516359573587","1.0900553992679773","0.4808835679924797"
"2026-03-01","base","sUSDS","sUSDS","non-Spark referrals","9998","0.0008432728168962986","1.0900402570580747","0.0009192013180997281"
"2026-03-01","base","sUSDS","sUSDS","non-Spark referrals","123623963915635","0.0006258768504177224","1.0909427820739452","0.0006827958324303885"
"2026-03-01","ethereum","sUSDS","sUSDS","non-Spark referrals","0","2859.438327563724","1.0907495881908944","3118.931178247392"
"2026-03-01","ethereum","sUSDS","sUSDS","non-Spark referrals","1","86581.2016045554","1.0900797045008803","94380.41066042491"
"2026-03-01","ethereum","sUSDS","sUSDS","non-Spark referrals","99","1369285.7403701337","1.0900047950122735","1492528.0227453767"
"2026-03-01","ethereum","sUSDS","sUSDS","Spark referrals","128","703974.9874296495","1.090165888121963","767449.5173868915"
"2026-03-01","ethereum","sUSDS","sUSDS","Spark referrals","183","10195.839884134257","1.090029321213415","11113.764428103526"
"2026-03-01","ethereum","sUSDS","sUSDS","Spark referrals","186","0.00011983156406461175","1.0900490883537743","0.00013062228716463696"
"2026-03-01","ethereum","sUSDS","sUSDS","Spark referrals","188","0.00016353168572003375","1.0905146067973503","0.00017833369195189048"
"2026-03-01","ethereum","sUSDS","sUSDS","Spark referrals","303","0.001686202223161931","1.0900490883537743","0.0018380431961377704"
"2026-03-01","ethereum","sUSDS","sUSDS","non-Spark referrals","1001","733.3751465137957","1.0900370695681307","799.4060955999964"
"2026-03-01","ethereum","sUSDS","sUSDS","non-Spark referrals","1002","26780.75922883237","1.0900874899305502","29193.370606192293"
"2026-03-01","ethereum","sUSDS","sUSDS","non-Spark referrals","1007","10212.341687440385","1.0900386942996847","11131.847598719756"
"2026-03-01","ethereum","sUSDS","sUSDS","non-Spark referrals","1015","0.000012261574293864317","1.0900490883537743","0.000013365717880808872"
"2026-03-01","ethereum","sUSDS","sUSDS","non-Spark referrals","2001","0.0014903186644548193","1.0901584931804138","0.0016246835496007126"
"2026-03-01","ethereum","sUSDS","sUSDS","non-Spark referrals","2002","160050.314033982","1.0907462234433232","174574.27559348376"
"2026-03-01","ethereum","sUSDS","sUSDS","non-Spark referrals","2005","15714.723625821289","1.0910130377660792","17144.96836066166"
"2026-03-01","ethereum","sUSDS","sUSDS","non-Spark referrals","13425","0.00015418768262738996","1.0900490883537743","0.00016807214288336753"
"2026-03-01","optimism","sUSDS","sUSDS","non-Spark referrals","0","7899.19053196202","1.08997528248232","8609.92243145697"
"2026-03-01","optimism","sUSDS","sUSDS","non-Spark referrals","1","136.92930056880567","1.090086198729134","149.2647407516884"
"2026-03-01","optimism","sUSDS","sUSDS","non-Spark referrals","99","69.70139594404607","1.090078538383788","75.97999581399543"
"2026-03-01","optimism","sUSDS","sUSDS","Spark referrals","128","1067.5536412414194","1.090045220308616","1163.6817440582681"
"2026-03-01","unichain","sUSDS","sUSDS","non-Spark referrals","0","247.03605169278381","1.0896760780598151","269.1892759479744"
"2026-03-01","unichain","sUSDS","sUSDS","non-Spark referrals","1","0.5213247675564793","1.0900490301327823","0.5682695572591384"
"2026-03-01","unichain","sUSDS","sUSDS","non-Spark referrals","99","0.08234156705548125","1.0900875218120436","0.08975951477362977"
"2026-03-01","unichain","sUSDS","sUSDS","Spark referrals","128","3.038764881673061","1.0900092945610997","3.312281965009497"
"2026-03-01","arbitrum","sUSDC","sUSDC","Spark referrals","0","0.0000049711810803387386","1.0900490883537741","0.000005418831404664772"
"2026-03-01","arbitrum","sUSDC","sUSDC","Spark referrals","127","348.71292384136285","1.0900618165639309","380.11864322183567"
"2026-03-01","arbitrum","sUSDC","sUSDC","Spark referrals","128","19926.4014519493","1.0900546664079775","21720.866887416032"
"2026-03-01","arbitrum","sUSDC","sUSDC","Spark referrals","182","0.0000029389276371566457","1.0900490883537741","0.0000032035753916203135"
"2026-03-01","arbitrum","sUSDC","sUSDC","Spark referrals","190","0.0012735877448297665","1.0900490883537741","0.001388273160190226"
"2026-03-01","arbitrum","sUSDC","sUSDC","Spark referrals","194","1.5808751477369842","1.0900456010577764","1.7232260006122622"
"2026-03-01","arbitrum","sUSDC","sUSDC","Spark referrals","196","0.09338287644817009","1.0900511030279696","0.1017921074762524"
"2026-03-01","arbitrum","sUSDC","sUSDC","Spark referrals","200","0.051100653793060086","1.0888879873107165","0.05564288805898692"
"2026-03-01","arbitrum","sUSDC","sUSDC","Spark referrals","204","12.420130907020667","1.0908856977890449","13.548943171136523"
"2026-03-01","arbitrum","sUSDC","sUSDC","Spark referrals","555","0.0015690203104608176","1.0900490883537741","0.00171030915902637"
"2026-03-01","arbitrum","sUSDC","sUSDC","Spark referrals","1004","0.0016803223312633706","1.0900490883537741","0.0018316338253341257"
"2026-03-01","arbitrum","sUSDC","sUSDC","Spark referrals","1017","122.07533183725927","1.090035774731261","133.06647891480267"
"2026-03-01","base","sUSDC","sUSDC","Spark referrals","0","0.024318157492291766","1.0901064568755054","0.026509380501662703"
"2026-03-01","base","sUSDC","sUSDC","Spark referrals","127","116.00664329239508","1.090353916177432","126.48829781646141"
"2026-03-01","base","sUSDC","sUSDC","Spark referrals","128","1447.1717730017162","1.0902753437323438","1577.8157022491916"
"2026-03-01","base","sUSDC","sUSDC","Spark referrals","129","0.14442124204297718","1.089847798815616","0.157397172742756"
"2026-03-01","base","sUSDC","sUSDC","Spark referrals","182","0.00894239046246823","1.0900490883537741","0.00974764457131698"
"2026-03-01","base","sUSDC","sUSDC","Spark referrals","200","0.00007513268855068336","1.0900227275697643","0.00008189633810366547"
"2026-03-01","base","sUSDC","sUSDC","Spark referrals","204","0.14446317263838393","1.0901046571417474","0.15747997727857457"
"2026-03-01","base","sUSDC","sUSDC","Spark referrals","1004","0.003266887797055877","1.0900490883537741","0.003561068064934828"
"2026-03-01","base","sUSDC","sUSDC","Spark referrals","1017","2.142576066553337","1.0900338790455681","2.335480500975329"
"2026-03-01","ethereum","sUSDC","sUSDC","Spark referrals","0","12.752419717594176","1.090046735158063","13.900733478528839"
"2026-03-01","ethereum","sUSDC","sUSDC","Spark referrals","127","285.04604019009963","1.090298746083489","310.7853401953294"
"2026-03-01","ethereum","sUSDC","sUSDC","Spark referrals","128","24322.41785215328","1.0896484614995139","26502.885192547135"
"2026-03-01","ethereum","sUSDC","sUSDC","Spark referrals","186","849.2382612800983","1.0901663962830916","925.8110148854433"
"2026-03-01","ethereum","sUSDC","sUSDC","Spark referrals","188","1296.921811744348","1.0904562934351973","1414.2365517100025"
"2026-03-01","ethereum","sUSDC","sUSDC","Spark referrals","190","15.721360282296363","1.090049088353774","17.13705444339838"
"2026-03-01","ethereum","sUSDC","sUSDC","Spark referrals","191","176.16312159590544","1.091191196874345","192.22764749935683"
"2026-03-01","ethereum","sUSDC","sUSDC","Spark referrals","192","17745.450046134174","1.0899961612597155","19342.47243011229"
"2026-03-01","ethereum","sUSDC","sUSDC","Spark referrals","194","0.11597034941992579","1.0900490883537743","0.12641337366125877"
"2026-03-01","ethereum","sUSDC","sUSDC","Spark referrals","195","2797.8345994003266","1.0901146815279752","3049.960573293237"
"2026-03-01","ethereum","sUSDC","sUSDC","Spark referrals","204","0.00018216529926717842","1.0899978681319404","0.0001985597878488414"
"2026-03-01","ethereum","sUSDC","sUSDC","Spark referrals","216","79.53248808373804","1.091030352703694","86.77235852540306"
"2026-03-01","ethereum","sUSDC","sUSDC","Spark referrals","1017","11.456625539177626","1.090049088353774","12.488284224591135"
"2026-03-01","optimism","sUSDC","sUSDC","Spark referrals","127","1236.5176551256568","1.0899914168225824","1347.793630836552"
"2026-03-01","optimism","sUSDC","sUSDC","Spark referrals","128","1927.6228681394873","1.0899649672142497","2101.0413962730945"
"2026-03-01","optimism","sUSDC","sUSDC","Spark referrals","194","0.030066640392974072","1.090049088353774","0.032774113950222145"
"2026-03-01","optimism","sUSDC","sUSDC","Spark referrals","204","0.110270942432914","1.0900377034171351","0.12019948484321669"
"2026-03-01","optimism","sUSDC","sUSDC","Spark referrals","1017","0.11123303675938953","1.0892964256217599","0.12116574935305684"
"2026-03-01","unichain","sUSDC","sUSDC","Spark referrals","0","1.1853611958883356e-10","1.0890939066504866","1.29096965562192e-10"
"2026-03-01","unichain","sUSDC","sUSDC","Spark referrals","127","2.066532192406749","1.090068807934186","2.2526622835344448"
"2026-03-01","unichain","sUSDC","sUSDC","Spark referrals","128","96.89512595869343","1.089667700966813","105.58348913829923"
"2026-03-01","unichain","sUSDC","sUSDC","Spark referrals","1017","0.00014385673656858053","1.0900490883537741","0.00015681090455013023"
"2026-03-01","ethereum","USDS - Treasury","USDS - Treasury","Spark referrals","126","122957.88210324734","1","122957.88210324734"
"2026-02-01","ethereum","stakedUSDS","USDS-SPK","non-Spark referrals","0","0.0011822603830474064","1","0.0011822603830474064"
"2026-02-01","ethereum","stakedUSDS","USDS-SPK","non-Spark referrals","1","17223.427140052314","1","17223.427140052314"
"2026-02-01","ethereum","stakedUSDS","USDS-SPK","Spark referrals","127","208.59223241970997","1","208.59223241970997"
"2026-02-01","ethereum","stakedUSDS","USDS-SPK","Spark referrals","128","206409.47023664706","1","206409.47023664706"
"2026-02-01","ethereum","stakedUSDS","USDS-SPK","non-Spark referrals","1007","3023.763038076548","1","3023.763038076548"
"2026-02-01","ethereum","stakedUSDS","USDS-SPK","non-Spark referrals","1016","0.000024139638099304563","1","0.000024139638099304563"
"2026-02-01","ethereum","stakedUSDS","USDS-SKY","non-Spark referrals","0","84.77651254934608","1","84.77651254934608"
"2026-02-01","ethereum","stakedUSDS","USDS-SKY","non-Spark referrals","1","5782.404728469447","1","5782.404728469447"
"2026-02-01","ethereum","stakedUSDS","USDS-SKY","non-Spark referrals","99","4570.906515643823","1","4570.906515643823"
"2026-02-01","ethereum","stakedUSDS","USDS-SKY","Spark referrals","128","3387.120502572887","1","3387.120502572887"
"2026-02-01","ethereum","stakedUSDS","USDS-SKY","Spark referrals","303","2.2270748054320237e-14","1","2.2270748054320237e-14"
"2026-02-01","ethereum","stakedUSDS","USDS-SKY","non-Spark referrals","1001","810.0991426370304","1","810.0991426370304"
"2026-02-01","ethereum","stakedUSDS","USDS-SKY","non-Spark referrals","1002","1.150886482914757","1","1.150886482914757"
"2026-02-01","ethereum","stakedUSDS","USDS-SKY","non-Spark referrals","1007","2601.327043413359","1","2601.327043413359"
"2026-02-01","ethereum","stakedUSDS","USDS-SKY","non-Spark referrals","1016","167.53838068751207","1","167.53838068751207"
"2026-02-01","ethereum","stakedUSDS","USDS-SKY","non-Spark referrals","13425","774.9740188257432","1","774.9740188257432"
"2026-02-01","ethereum","stUSDS","stUSDS","non-Spark referrals","0","0.004284317035102188","1.0349803277332426","0.004434183849103176"
"2026-02-01","ethereum","stUSDS","stUSDS","non-Spark referrals","1","2933.8379518391584","1.0354772553317868","3037.9224699586425"
"2026-02-01","ethereum","stUSDS","stUSDS","non-Spark referrals","99","2840.0382430291884","1.035540136944659","2940.9735911145144"
"2026-02-01","ethereum","stUSDS","stUSDS","Spark referrals","197","6100.730545242524","1.0349825582569083","6314.1497069511715"
"2026-02-01","ethereum","spUSDT","spUSDT","Spark referrals","128","34540.12277184078","1.0135024000735138","35006.49732809446"
"2026-02-01","ethereum","spUSDT","spUSDT","Spark referrals","130","249.61216765772727","1.013332880687436","252.94021690724003"
"2026-02-01","ethereum","spUSDT","spUSDT","Spark referrals","186","182.99102757356616","1.0137093060836808","185.49970758113946"
"2026-02-01","ethereum","spUSDT","spUSDT","Spark referrals","190","58.99464712779179","1.0133142381222675","59.78011590759035"
"2026-02-01","ethereum","spUSDT","spUSDT","Spark referrals","191","5255.148281027555","1.0136402028855527","5326.829569774434"
"2026-02-01","ethereum","spUSDT","spUSDT","Spark referrals","198","0.0019891535502613088","1.0132967748845698","0.002015602877229976"
"2026-02-01","ethereum","spUSDT","spUSDT","Spark referrals","202","28.437620056578165","1.0134245987644623","28.819383695653954"
"2026-02-01","avalanche_c","spUSDC","spUSDC","Spark referrals","128","13339.13970480127","1.0075489389690715","13439.836056332731"
"2026-02-01","avalanche_c","spUSDC","spUSDC","Spark referrals","190","4814.332185446551","1.0072999142827683","4849.476397729084"
"2026-02-01","avalanche_c","spUSDC","spUSDC","Spark referrals","191","25.93587110264892","1.007351263865888","26.126532534716148"
"2026-02-01","avalanche_c","spUSDC","spUSDC","Spark referrals","198","0.000014116500083861796","1.0073512638658877","0.000014220274200841089"
"2026-02-01","avalanche_c","spUSDC","spUSDC","Spark referrals","202","3.563005981329773","1.0084810613309538","3.593224053579986"
"2026-02-01","ethereum","spUSDC","spUSDC","Spark referrals","128","29793.49743383819","1.0135455956744759","30197.068103805497"
"2026-02-01","ethereum","spUSDC","spUSDC","Spark referrals","186","36.91804386066695","1.013589497531269","37.41974152657076"
"2026-02-01","ethereum","spUSDC","spUSDC","Spark referrals","190","381.782005924607","1.013401369363605","386.8984076023807"
"2026-02-01","ethereum","spUSDC","spUSDC","Spark referrals","198","0.014635398353435684","1.0133995739634958","0.01483150645615777"
"2026-02-01","ethereum","spUSDC","spUSDC","Spark referrals","200","0.5847777647056557","1.0147034449180627","0.5933760123583132"
"2026-02-01","ethereum","spUSDC","spUSDC","Spark referrals","202","0.4674092901959852","1.0132370627429976","0.4735964162969694"
"2026-02-01","ethereum","spUSDC","spUSDC","Spark referrals","205","0.008779512762819146","1.0133995739634958","0.008897154493447997"
"2026-02-01","ethereum","spUSDC","spUSDC","Spark referrals","1017","0.07849918547699071","1.0133995739634956","0.0795510411188638"
"2026-02-01","ethereum","spPYUSD","spPYUSD","Spark referrals","128","20.63344414294111","1.0056934726490285","20.750920092824202"
"2026-02-01","ethereum","spPYUSD","spPYUSD","Spark referrals","130","0.00007150777271848594","1.0057248721517376","0.00007191714557515478"
"2026-02-01","arbitrum","sUSDS","sUSDS","non-Spark referrals","0","41608.397959816204","1.0866962086993033","45215.68831298409"
"2026-02-01","arbitrum","sUSDS","sUSDS","non-Spark referrals","1","1216.3688052192363","1.0867637656616873","1321.9055431934646"
"2026-02-01","arbitrum","sUSDS","sUSDS","non-Spark referrals","99","1922.2713402130407","1.087457112198757","2090.3876404905077"
"2026-02-01","arbitrum","sUSDS","sUSDS","Spark referrals","128","493.33428722585796","1.086843513448041","536.1771700329365"
"2026-02-01","arbitrum","sUSDS","sUSDS","Spark referrals","171","0.00023234395425188528","1.0866592540225872","0.0002524787080040118"
"2026-02-01","arbitrum","sUSDS","sUSDS","Spark referrals","204","0.0003568125219516349","1.0877096029519668","0.00038810840658030276"
"2026-02-01","arbitrum","sUSDS","sUSDS","non-Spark referrals","3333","0.0016993903355518225","1.0866611548968383","0.001846661464651269"
"2026-02-01","arbitrum","sUSDS","sUSDS","non-Spark referrals","123623963915635","0.0009229666206534966","1.0862536778890048","0.0010025758862536465"
"2026-02-01","arbitrum","sUSDS","sUSDS","non-Spark referrals","90000000000000000000","0.009458359391172991","1.0857429664467724","0.01026934718309185"
"2026-02-01","base","sUSDS","sUSDS","non-Spark referrals","0","3576.2107615454283","1.086594994240692","3885.8927118449556"
"2026-02-01","base","sUSDS","sUSDS","non-Spark referrals","1","504.28267713346236","1.0868417902614853","548.0754876135868"
"2026-02-01","base","sUSDS","sUSDS","non-Spark referrals","99","2296.6223222122967","1.08660761710735","2495.5273089346524"
"2026-02-01","base","sUSDS","sUSDS","Spark referrals","128","654.3058653412627","1.0867131068354183","711.0427597456404"
"2026-02-01","base","sUSDS","sUSDS","Spark referrals","129","0.26220509682366017","1.0871792678664343","0.28506394519559436"
"2026-02-01","base","sUSDS","sUSDS","Spark referrals","170","0.000011405709645976983","1.0866592540225875","0.000012394119935495578"
"2026-02-01","base","sUSDS","sUSDS","Spark referrals","171","0.0015331126420426203","1.0866592540225872","0.0016659710399346316"
"2026-02-01","base","sUSDS","sUSDS","Spark referrals","204","0.000013234899067865525","1.0873802030444946","0.000014391367235689005"
"2026-02-01","base","sUSDS","sUSDS","Spark referrals","205","0.000009124178108949114","1.0882362864390842","0.00000992926170209157"
"2026-02-01","base","sUSDS","sUSDS","non-Spark referrals","1015","0.000053622969237694846","1.0866592540225872","0.00005826989575030963"
"2026-02-01","base","sUSDS","sUSDS","non-Spark referrals","1017","0.01133243862631891","1.0866592540225875","0.012314499303932462"
"2026-02-01","base","sUSDS","sUSDS","non-Spark referrals","3333","0.37581913241552395","1.0866567921317007","0.40838641285237215"
"2026-02-01","base","sUSDS","sUSDS","non-Spark referrals","9998","0.0016617130045751775","1.086626732403842","0.0018056617723544958"
"2026-02-01","ethereum","sUSDS","sUSDS","non-Spark referrals","0","924.312333933289","1.0867144006241822","1004.4635239598531"
"2026-02-01","ethereum","sUSDS","sUSDS","non-Spark referrals","1","59515.48733042849","1.0866882865201972","64674.782948517844"
"2026-02-01","ethereum","sUSDS","sUSDS","non-Spark referrals","99","1171482.4061526805","1.0867191400683933","1273072.3530194932"
"2026-02-01","ethereum","sUSDS","sUSDS","Spark referrals","128","446886.9513408388","1.0866915913614168","485628.2923112282"
"2026-02-01","ethereum","sUSDS","sUSDS","Spark referrals","183","12221.992264025888","1.0864783319313518","13278.929767896734"
"2026-02-01","ethereum","sUSDS","sUSDS","Spark referrals","186","0.014311573865595518","1.085702929937983","0.015538117677900918"
"2026-02-01","ethereum","sUSDS","sUSDS","Spark referrals","303","0.0015230213628559376","1.0866592540225872","0.0016550052580214972"
"2026-02-01","ethereum","sUSDS","sUSDS","non-Spark referrals","1001","691.3780421096562","1.0866453947658365","751.2827655006786"
"2026-02-01","ethereum","sUSDS","sUSDS","non-Spark referrals","1002","2730.6139009464177","1.087222423727225","2968.784663650217"
"2026-02-01","ethereum","sUSDS","sUSDS","non-Spark referrals","1007","7470.861836398639","1.086885690454507","8119.972825344361"
"2026-02-01","ethereum","sUSDS","sUSDS","non-Spark referrals","1015","0.000011074970329941965","1.0866592540225872","0.000012034718997057022"
"2026-02-01","ethereum","sUSDS","sUSDS","non-Spark referrals","1017","0.0009769671757632501","1.0850839152180334","0.001060091368116692"
"2026-02-01","ethereum","sUSDS","sUSDS","non-Spark referrals","2001","0.00009928768712918386","1.0880458196614724","0.00010802955292476467"
"2026-02-01","ethereum","sUSDS","sUSDS","non-Spark referrals","13425","0.00013926629398602967","1.086659254022587","0.0001513350071333493"
"2026-02-01","optimism","sUSDS","sUSDS","non-Spark referrals","0","13764.642953938484","1.0864135874601588","14954.095131696506"
"2026-02-01","optimism","sUSDS","sUSDS","non-Spark referrals","1","102.56291570047951","1.0866635472410449","111.45138179046731"
"2026-02-01","optimism","sUSDS","sUSDS","non-Spark referrals","99","56.2698038189809","1.086686660221673","61.147645183377094"
"2026-02-01","optimism","sUSDS","sUSDS","Spark referrals","128","691.6977625038523","1.0867492644592434","751.702034629166"
"2026-02-01","unichain","sUSDS","sUSDS","non-Spark referrals","0","550.1929960066948","1.086583645865988","597.8307115308854"
"2026-02-01","unichain","sUSDS","sUSDS","non-Spark referrals","1","0.4709060658054609","1.086659254022587","0.5117144341828734"
"2026-02-01","unichain","sUSDS","sUSDS","non-Spark referrals","99","0.051297966638293446","1.0871147873167017","0.055766778091767645"
"2026-02-01","unichain","sUSDS","sUSDS","Spark referrals","128","2.9009894183676614","1.0866979701828525","3.1524993124620715"
"2026-02-01","arbitrum","sUSDC","sUSDC","Spark referrals","0","0.000004490099040305957","1.086659254022587","0.0000048792076736264054"
"2026-02-01","arbitrum","sUSDC","sUSDC","Spark referrals","127","268.80347212767333","1.0867482136630393","292.12169316117155"
"2026-02-01","arbitrum","sUSDC","sUSDC","Spark referrals","128","16275.005866126257","1.0866956539552877","17685.978142816217"
"2026-02-01","arbitrum","sUSDC","sUSDC","Spark referrals","182","0.0000026545152851737443","1.0866592540225872","0.0000028845535995784564"
"2026-02-01","arbitrum","sUSDC","sUSDC","Spark referrals","190","0.001150337317910757","1.0866592540225872","0.0012500246917552468"
"2026-02-01","arbitrum","sUSDC","sUSDC","Spark referrals","194","1.436596419293966","1.086657108588152","1.5610877111980734"
"2026-02-01","arbitrum","sUSDC","sUSDC","Spark referrals","196","0.08235029827455427","1.086693763935346","0.08948955559317381"
"2026-02-01","arbitrum","sUSDC","sUSDC","Spark referrals","200","0.04892391348413889","1.087725563666607","0.053215791371311286"
"2026-02-01","arbitrum","sUSDC","sUSDC","Spark referrals","204","1.3335566812899593","1.0872760531639671","1.4499442451033855"
"2026-02-01","arbitrum","sUSDC","sUSDC","Spark referrals","555","0.001417179635254932","1.0866592540225872","0.0015399913652621266"
"2026-02-01","arbitrum","sUSDC","sUSDC","Spark referrals","1004","0.0015177104927540125","1.0866592540225868","0.001649234151878328"
"2026-02-01","arbitrum","sUSDC","sUSDC","Spark referrals","1017","115.98890534098831","1.0866588835837871","126.04037438594393"
"2026-02-01","base","sUSDC","sUSDC","Spark referrals","0","0.017145916683299","1.0866607089229692","0.018631793978207856"
"2026-02-01","base","sUSDC","sUSDC","Spark referrals","127","76.05218634385008","1.0863697559016892","82.62079511415818"
"2026-02-01","base","sUSDC","sUSDC","Spark referrals","128","1157.5523693864043","1.08656003025388","1257.750137500942"
"2026-02-01","base","sUSDC","sUSDC","Spark referrals","129","0.21874925186112007","1.086614750753579","0.2376961637886029"
"2026-02-01","base","sUSDC","sUSDC","Spark referrals","182","0.008076997837068079","1.0866592540225875","0.00877694444437045"
"2026-02-01","base","sUSDC","sUSDC","Spark referrals","200","0.00004537797242092716","1.0866592540225875","0.00004931039365998226"
"2026-02-01","base","sUSDC","sUSDC","Spark referrals","204","0.06468994769079667","1.0871566489704028","0.07032810675359714"
"2026-02-01","base","sUSDC","sUSDC","Spark referrals","205","0.00896213641119814","1.0863173542658364","0.009735724314782283"
"2026-02-01","base","sUSDC","sUSDC","Spark referrals","1004","0.0029507373650827277","1.086659254022587","0.003206446063957371"
"2026-02-01","base","sUSDC","sUSDC","Spark referrals","1017","2.4145096810619093","1.0864441230608286","2.623229853063187"
"2026-02-01","ethereum","sUSDC","sUSDC","Spark referrals","0","11.732676007485548","1.08665843800622","12.749411383927301"
"2026-02-01","ethereum","sUSDC","sUSDC","Spark referrals","127","229.81305634792676","1.0864579405160815","249.68221990347467"
"2026-02-01","ethereum","sUSDC","sUSDC","Spark referrals","128","31448.992200838235","1.0867251696237314","34176.41138395134"
"2026-02-01","ethereum","sUSDC","sUSDC","Spark referrals","186","382.5203915509753","1.0866105558806411","415.6506952988858"
"2026-02-01","ethereum","sUSDC","sUSDC","Spark referrals","188","99.61227224280364","1.0867758427386434","108.2562111137841"
"2026-02-01","ethereum","sUSDC","sUSDC","Spark referrals","190","16.541376465321143","1.0864665266998428","17.971651835111984"
"2026-02-01","ethereum","sUSDC","sUSDC","Spark referrals","192","15391.158066027345","1.0866892779170496","16725.406445078428"
"2026-02-01","ethereum","sUSDC","sUSDC","Spark referrals","194","0.10474741237928781","1.0866592540225875","0.11382474499687324"
"2026-02-01","ethereum","sUSDC","sUSDC","Spark referrals","195","615.7318492257455","1.0873005726865015","669.4855922844716"
"2026-02-01","ethereum","sUSDC","sUSDC","Spark referrals","204","0.000012130388837904977","1.0881458548311076","0.000013199632331455836"
"2026-02-01","ethereum","sUSDC","sUSDC","Spark referrals","1017","10.347919841837856","1.0866592540225868","11.24466285601705"
"2026-02-01","optimism","sUSDC","sUSDC","Spark referrals","127","1850.9893272606253","1.0865696490524224","2011.2288237213568"
"2026-02-01","optimism","sUSDC","sUSDC","Spark referrals","128","3662.670483247889","1.0863346842529087","3978.885982941544"
"2026-02-01","optimism","sUSDC","sUSDC","Spark referrals","194","0.02715696551623464","1.086659254022587","0.029510367889388656"
"2026-02-01","optimism","sUSDC","sUSDC","Spark referrals","204","0.07974934355127122","1.087163203772066","0.08670055183391917"
"2026-02-01","optimism","sUSDC","sUSDC","Spark referrals","1017","0.30848363376296706","1.0866122065401922","0.3352020819647142"
"2026-02-01","unichain","sUSDC","sUSDC","Spark referrals","0","7.437974877578336e-10","1.0874825704710736","8.088668038968157e-10"
"2026-02-01","unichain","sUSDC","sUSDC","Spark referrals","127","3.245547126709924","1.0860245623856362","3.524743897987104"
"2026-02-01","unichain","sUSDC","sUSDC","Spark referrals","128","217.15993254024175","1.086592001531007","235.9642457512398"
"2026-02-01","unichain","sUSDC","sUSDC","Spark referrals","1017","0.00012993511690065338","1.086659254022587","0.00014119519720260163"
"2026-02-01","ethereum","USDS - Treasury","USDS - Treasury","Spark referrals","126","114516.88779351098","1","114516.88779351098"
"2026-01-01","ethereum","stakedUSDS","USDS-SPK","non-Spark referrals","0","0.0013089311383739145","1","0.0013089311383739145"
"2026-01-01","ethereum","stakedUSDS","USDS-SPK","non-Spark referrals","1","14315.545141962415","1","14315.545141962415"
"2026-01-01","ethereum","stakedUSDS","USDS-SPK","Spark referrals","127","445.2683795278049","1","445.2683795278049"
"2026-01-01","ethereum","stakedUSDS","USDS-SPK","Spark referrals","128","235384.72552140648","1","235384.72552140648"
"2026-01-01","ethereum","stakedUSDS","USDS-SPK","non-Spark referrals","1007","4375.433402403488","1","4375.433402403488"
"2026-01-01","ethereum","stakedUSDS","USDS-SKY","non-Spark referrals","0","93.87074582121554","1","93.87074582121554"
"2026-01-01","ethereum","stakedUSDS","USDS-SKY","non-Spark referrals","1","26939.33549502676","1","26939.33549502676"
"2026-01-01","ethereum","stakedUSDS","USDS-SKY","non-Spark referrals","99","8027.601558222178","1","8027.601558222178"
"2026-01-01","ethereum","stakedUSDS","USDS-SKY","Spark referrals","128","24672.19592251117","1","24672.19592251117"
"2026-01-01","ethereum","stakedUSDS","USDS-SKY","Spark referrals","303","2.4656899631568833e-14","1","2.4656899631568833e-14"
"2026-01-01","ethereum","stakedUSDS","USDS-SKY","non-Spark referrals","1001","1291.0061823694978","1","1291.0061823694978"
"2026-01-01","ethereum","stakedUSDS","USDS-SKY","non-Spark referrals","1002","1.274195748941338","1","1.274195748941338"
"2026-01-01","ethereum","stakedUSDS","USDS-SKY","non-Spark referrals","1007","4114.426764723389","1","4114.426764723389"
"2026-01-01","ethereum","stakedUSDS","USDS-SKY","non-Spark referrals","1016","1201.0547443054502","1","1201.0547443054502"
"2026-01-01","ethereum","stakedUSDS","USDS-SKY","non-Spark referrals","13425","858.0069494142156","1","858.0069494142156"
"2026-01-01","ethereum","stUSDS","stUSDS","non-Spark referrals","0","0.004743351003148851","1.0267704891312817","0.004870332829624501"
"2026-01-01","ethereum","stUSDS","stUSDS","non-Spark referrals","1","1753.5353696738225","1.0268131870986195","1800.5532416249334"
"2026-01-01","ethereum","stUSDS","stUSDS","non-Spark referrals","99","2500.1242891073325","1.0269484821705475","2567.4988439364943"
"2026-01-01","ethereum","stUSDS","stUSDS","Spark referrals","197","6645.155709240666","1.0270621117427228","6824.987655591929"
"2026-01-01","ethereum","spUSDT","spUSDT","Spark referrals","128","24388.38830993216","1.0100985358605068","24634.675323859974"
"2026-01-01","ethereum","spUSDT","spUSDT","Spark referrals","130","264.26580040642034","1.0101907681532725","266.95887190920115"
"2026-01-01","ethereum","spUSDT","spUSDT","Spark referrals","186","112.55338601762769","1.0098829941729746","113.66575047578846"
"2026-01-01","ethereum","spUSDT","spUSDT","Spark referrals","190","109.71381753770547","1.0111809973733108","110.94052744341046"
"2026-01-01","ethereum","spUSDT","spUSDT","Spark referrals","191","1149.9554156838983","1.010318110563779","1161.8207828063414"
"2026-01-01","ethereum","spUSDT","spUSDT","Spark referrals","198","0.002200126630768102","1.0101798819743057","0.0022225236601978483"
"2026-01-01","ethereum","spUSDT","spUSDT","Spark referrals","200","1.9384732138009029","1.0116322495269814","1.9610220179252047"
"2026-01-01","ethereum","spUSDT","spUSDT","Spark referrals","202","27.76414338014491","1.0101798819743062","28.0467790828725"
"2026-01-01","ethereum","spUSDT","spUSDT","Spark referrals","1017","0.03950783014530737","1.0104268682965316","0.03991977308691423"
"2026-01-01","avalanche_c","spUSDC","spUSDC","Spark referrals","128","19155.934873069556","1.004089719319873","19234.277270010178"
"2026-01-01","avalanche_c","spUSDC","spUSDC","Spark referrals","190","9852.17175462038","1.004128071466091","9892.842223719656"
"2026-01-01","avalanche_c","spUSDC","spUSDC","Spark referrals","191","2155.872226443383","1.0039692980406936","2164.4295258477905"
"2026-01-01","avalanche_c","spUSDC","spUSDC","Spark referrals","198","0.00001609107642041307","1.0041480540695067","0.000016157823075441507"
"2026-01-01","ethereum","spUSDC","spUSDC","Spark referrals","128","29893.900284319894","1.0100898429550185","30195.52504350166"
"2026-01-01","ethereum","spUSDC","spUSDC","Spark referrals","186","16.494182024906028","1.0101772991010245","16.66204824880024"
"2026-01-01","ethereum","spUSDC","spUSDC","Spark referrals","190","385.71563452394","1.0103621355343841","389.7124722066081"
"2026-01-01","ethereum","spUSDC","spUSDC","Spark referrals","198","0.016142333779441864","1.0101807730564918","0.0163066752162525"
"2026-01-01","ethereum","spUSDC","spUSDC","Spark referrals","200","2.6156925094934523e-8","1.011590265049872","2.6460090789674466e-8"
"2026-01-01","ethereum","spUSDC","spUSDC","Spark referrals","202","0.48537980409626164","1.0099396768042046","0.4902043224762666"
"2026-01-01","ethereum","spUSDC","spUSDC","Spark referrals","205","0.0005254677568211346","1.0115037489094687","0.0005315126059556266"
"2026-01-01","ethereum","spUSDC","spUSDC","Spark referrals","1017","0.023538963793495637","1.0113886540631576","0.023807040909144952"
"2026-01-01","ethereum","spPYUSD","spPYUSD","Spark referrals","128","33.844790256539795","1.003913020810653","33.97722562514582"
"2026-01-01","ethereum","spPYUSD","spPYUSD","Spark referrals","130","0.0016051535429465764","1.004032413809821","0.0016116261862600372"
"2026-01-01","arbitrum","sUSDS","sUSDS","non-Spark referrals","0","38709.53355411816","1.0833338598416975","41935.348397854534"
"2026-01-01","arbitrum","sUSDS","sUSDS","non-Spark referrals","1","1101.49018754488","1.083085271001343","1193.0077982823664"
"2026-01-01","arbitrum","sUSDS","sUSDS","non-Spark referrals","99","2603.946823632147","1.0825532078269744","2818.9109869338413"
"2026-01-01","arbitrum","sUSDS","sUSDS","Spark referrals","128","525.1462172932406","1.0832745299288868","568.8775216822683"
"2026-01-01","arbitrum","sUSDS","sUSDS","Spark referrals","171","0.0002572379493503016","1.0832202799683648","0.00027864536351372173"
"2026-01-01","arbitrum","sUSDS","sUSDS","non-Spark referrals","3333","0.0018667030914891378","1.0832277729056097","0.0020220646324697954"
"2026-01-01","arbitrum","sUSDS","sUSDS","non-Spark referrals","123623963915635","0.001347486147271817","1.083884346358096","0.0014605191419623026"
"2026-01-01","arbitrum","sUSDS","sUSDS","non-Spark referrals","90000000000000000000","0.054076544559674644","1.083247392293611","0.058578275878516814"
"2026-01-01","base","sUSDS","sUSDS","non-Spark referrals","0","3852.618123971748","1.0833464712181888","4173.720249556032"
"2026-01-01","base","sUSDS","sUSDS","non-Spark referrals","1","623.2960389136108","1.083092123361097","675.0870302695037"
"2026-01-01","base","sUSDS","sUSDS","non-Spark referrals","99","3095.960837940951","1.0831680530008176","3353.44587299928"
"2026-01-01","base","sUSDS","sUSDS","Spark referrals","128","720.3757321516351","1.0832003096126939","780.3112161041222"
"2026-01-01","base","sUSDS","sUSDS","Spark referrals","129","0.00040551388781271265","1.0832443418462374","0.0004392706245131909"
"2026-01-01","base","sUSDS","sUSDS","Spark referrals","170","0.000012627749965188804","1.083220279968365","0.000013678634852662328"
"2026-01-01","base","sUSDS","sUSDS","Spark referrals","171","0.001697374710832901","1.083220279968365","0.0018386307094796378"
"2026-01-01","base","sUSDS","sUSDS","non-Spark referrals","1015","0.000059368287370305007","1.083220279968365","0.00006430893286650413"
"2026-01-01","base","sUSDS","sUSDS","non-Spark referrals","1017","0.9823359367531667","1.0820843392597932","1.0629703330527003"
"2026-01-01","base","sUSDS","sUSDS","non-Spark referrals","3333","0.6569139501289575","1.083196118054743","0.7115666406756938"
"2026-01-01","base","sUSDS","sUSDS","non-Spark referrals","9998","0.000819675015211369","1.0832202567853677","0.0008878885804578093"
"2026-01-01","ethereum","sUSDS","sUSDS","non-Spark referrals","0","1811.7411544438307","1.0830544433355627","1962.2143074942928"
"2026-01-01","ethereum","sUSDS","sUSDS","non-Spark referrals","1","73333.699938948","1.083208132604511","79435.66016784741"
"2026-01-01","ethereum","sUSDS","sUSDS","non-Spark referrals","99","1293265.4065519266","1.0831072748938844","1400745.1702049887"
"2026-01-01","ethereum","sUSDS","sUSDS","Spark referrals","128","330009.93985627056","1.0835794287624134","357591.9821153761"
"2026-01-01","ethereum","sUSDS","sUSDS","Spark referrals","183","19695.282192216757","1.083172300355402","21333.384118292208"
"2026-01-01","ethereum","sUSDS","sUSDS","Spark referrals","186","0.038509132152510686","1.0832202799683646","0.04171387291158138"
"2026-01-01","ethereum","sUSDS","sUSDS","Spark referrals","190","0.1462945362646795","1.081707989228872","0.15824796865803675"
"2026-01-01","ethereum","sUSDS","sUSDS","Spark referrals","303","0.001686202223161931","1.083220279968365","0.0018265284442567462"
"2026-01-01","ethereum","sUSDS","sUSDS","non-Spark referrals","1001","813.0804394663969","1.083177485736151","880.7104261224564"
"2026-01-01","ethereum","sUSDS","sUSDS","non-Spark referrals","1002","1816.452447483324","1.0832096814605592","1967.5988770266645"
"2026-01-01","ethereum","sUSDS","sUSDS","non-Spark referrals","1007","1470.7139603201695","1.0829087824319292","1592.6490640759555"
"2026-01-01","ethereum","sUSDS","sUSDS","non-Spark referrals","1015","0.000012261574293864319","1.083220279968365","0.000013281985939452614"
"2026-01-01","ethereum","sUSDS","sUSDS","non-Spark referrals","1017","0.03749994817300747","1.0832202799683652","0.04062070435876433"
"2026-01-01","ethereum","sUSDS","sUSDS","non-Spark referrals","13425","0.00015418768262739","1.0832202799683648","0.00016701922474331477"
"2026-01-01","optimism","sUSDS","sUSDS","non-Spark referrals","0","28073.954999203997","1.0830353477564565","30405.08561546201"
"2026-01-01","optimism","sUSDS","sUSDS","non-Spark referrals","1","119.16989922007674","1.0832162378499028","129.0867698981236"
"2026-01-01","optimism","sUSDS","sUSDS","non-Spark referrals","99","34.02345214999343","1.0832159319275432","36.85474542804731"
"2026-01-01","optimism","sUSDS","sUSDS","Spark referrals","128","522.4760502302685","1.083893871949758","566.3085890851019"
"2026-01-01","unichain","sUSDS","sUSDS","non-Spark referrals","0","1172.2395843886684","1.0831132527921343","1269.6682292989103"
"2026-01-01","unichain","sUSDS","sUSDS","non-Spark referrals","1","0.5099103268618709","1.0832589368381174","0.5523649185591671"
"2026-01-01","unichain","sUSDS","sUSDS","non-Spark referrals","99","0.0016559210666704243","1.083220279968365","0.0017937272814442507"
"2026-01-01","unichain","sUSDS","sUSDS","Spark referrals","128","1.6186960206780316","1.0840238520137861","1.7547050955747872"
"2026-01-01","arbitrum","sUSDC","sUSDC","Spark referrals","0","0.0000049711810803387386","1.0832202799683648","0.000005384884161617967"
"2026-01-01","arbitrum","sUSDC","sUSDC","Spark referrals","127","280.06381700553396","1.0831738904149772","303.35781423035246"
"2026-01-01","arbitrum","sUSDC","sUSDC","Spark referrals","128","15090.73414147162","1.083337631199513","16348.360177883482"
"2026-01-01","arbitrum","sUSDC","sUSDC","Spark referrals","182","0.0000029389276371566453","1.083220279968365","0.000003183506017927587"
"2026-01-01","arbitrum","sUSDC","sUSDC","Spark referrals","190","0.0012735877448297665","1.0832202799683648","0.001379576073518778"
"2026-01-01","arbitrum","sUSDC","sUSDC","Spark referrals","194","1.6842952658878962","1.0831815710447925","1.824397592207758"
"2026-01-01","arbitrum","sUSDC","sUSDC","Spark referrals","196","0.011754160544837276","1.0835189618723358","0.012735855831222853"
"2026-01-01","arbitrum","sUSDC","sUSDC","Spark referrals","555","0.0014958602863670192","1.083303863584812","0.001620471227604475"
"2026-01-01","arbitrum","sUSDC","sUSDC","Spark referrals","1004","0.001680322331263371","1.0832202799683648","0.001820159226108204"
"2026-01-01","arbitrum","sUSDC","sUSDC","Spark referrals","1017","124.83252502850385","1.083247611394698","135.22453456149566"
"2026-01-01","base","sUSDC","sUSDC","Spark referrals","0","0.020156381607623876","1.0831450132104667","0.02183228422266497"
"2026-01-01","base","sUSDC","sUSDC","Spark referrals","127","16.391908751470073","1.0834301467627814","17.759488104327342"
"2026-01-01","base","sUSDC","sUSDC","Spark referrals","128","1391.9834020154876","1.083291438793817","1507.92370234647"
"2026-01-01","base","sUSDC","sUSDC","Spark referrals","129","0.9530248929670944","1.083624911267328","1.0327215150770224"
"2026-01-01","base","sUSDC","sUSDC","Spark referrals","182","0.008942390462468232","1.0832202799683648","0.009686578700341274"
"2026-01-01","base","sUSDC","sUSDC","Spark referrals","200","0.000010601936430962504","1.0845980554336152","0.000011498839636852734"
"2026-01-01","base","sUSDC","sUSDC","Spark referrals","205","0.0002198136025784606","1.0842148192521333","0.00023832516538876592"
"2026-01-01","base","sUSDC","sUSDC","Spark referrals","1004","0.0032668877970558766","1.0832202799683648","0.0035387591141521012"
"2026-01-01","base","sUSDC","sUSDC","Spark referrals","1017","5.448087806112489","1.0834726273287436","5.902854009206389"
"2026-01-01","ethereum","sUSDC","sUSDC","Spark referrals","0","13.182783934502318","1.0832108792891075","14.279734977170577"
"2026-01-01","ethereum","sUSDC","sUSDC","Spark referrals","127","218.91934997694557","1.0832400827791226","237.14221479097824"
"2026-01-01","ethereum","sUSDC","sUSDC","Spark referrals","128","93351.61812039098","1.0825010909048267","101053.22845305403"
"2026-01-01","ethereum","sUSDC","sUSDC","Spark referrals","186","310.91987843586793","1.0833815482835745","336.8448592919914"
"2026-01-01","ethereum","sUSDC","sUSDC","Spark referrals","188","439.07959333241934","1.0825474076007082","475.3244754923838"
"2026-01-01","ethereum","sUSDC","sUSDC","Spark referrals","190","31.44085448029259","1.083220279968365","34.05737119258716"
"2026-01-01","ethereum","sUSDC","sUSDC","Spark referrals","192","20956.78435201358","1.0832070429039908","22700.536406721258"
"2026-01-01","ethereum","sUSDC","sUSDC","Spark referrals","194","0.11977119930477895","1.0832088700001126","0.12973722545748786"
"2026-01-01","ethereum","sUSDC","sUSDC","Spark referrals","195","1435.0504121181511","1.0830936220699015","1554.2939487139531"
"2026-01-01","ethereum","sUSDC","sUSDC","Spark referrals","1017","67.19807871844708","1.0823462026922865","72.73158532912855"
"2026-01-01","optimism","sUSDC","sUSDC","Spark referrals","127","2272.318193202243","1.0831995405470214","2461.3740228533075"
"2026-01-01","optimism","sUSDC","sUSDC","Spark referrals","128","8973.604641750182","1.0829937336874214","9718.357595603804"
"2026-01-01","optimism","sUSDC","sUSDC","Spark referrals","194","0.03006664039297407","1.083220279968365","0.03256879462418552"
"2026-01-01","optimism","sUSDC","sUSDC","Spark referrals","1017","0.39097959355744755","1.0838649571757846","0.4237690804277485"
"2026-01-01","unichain","sUSDC","sUSDC","Spark referrals","0","7.951464029910415e-11","1.0823729146036036","8.606449297419852e-11"
"2026-01-01","unichain","sUSDC","sUSDC","Spark referrals","127","16.1753744809139","1.0827182038293326","17.51337240424192"
"2026-01-01","unichain","sUSDC","sUSDC","Spark referrals","128","453.420156975943","1.0831273457530828","491.11177113629924"
"2026-01-01","unichain","sUSDC","sUSDC","Spark referrals","1017","0.00014385673656858053","1.0832202799683646","0.00015582853446115307"
"2026-01-01","ethereum","USDS - Treasury","USDS - Treasury","Spark referrals","126","106392.54981637109","1","106392.54981637109"
"2025-12-01","ethereum","stakedUSDS","USDS-SPK","non-Spark referrals","0","0.0015699379225244932","1","0.0015699379225244932"
"2025-12-01","ethereum","stakedUSDS","USDS-SPK","non-Spark referrals","1","21642.3043247487","1","21642.3043247487"
"2025-12-01","ethereum","stakedUSDS","USDS-SPK","Spark referrals","127","643.181405755721","1","643.181405755721"
"2025-12-01","ethereum","stakedUSDS","USDS-SPK","Spark referrals","128","286198.6848417127","1","286198.6848417127"
"2025-12-01","ethereum","stakedUSDS","USDS-SPK","non-Spark referrals","1007","2841.0698412168513","1","2841.0698412168513"
"2025-12-01","ethereum","stakedUSDS","USDS-SKY","non-Spark referrals","0","112.58876518670377","1","112.58876518670377"
"2025-12-01","ethereum","stakedUSDS","USDS-SKY","non-Spark referrals","1","29287.411609004816","1","29287.411609004816"
"2025-12-01","ethereum","stakedUSDS","USDS-SKY","non-Spark referrals","99","9891.875622004725","1","9891.875622004725"
"2025-12-01","ethereum","stakedUSDS","USDS-SKY","Spark referrals","128","38222.924405792364","1","38222.924405792364"
"2025-12-01","ethereum","stakedUSDS","USDS-SKY","Spark referrals","303","2.957359684449812e-14","1","2.957359684449812e-14"
"2025-12-01","ethereum","stakedUSDS","USDS-SKY","non-Spark referrals","1001","3955.470835722631","1","3955.470835722631"
"2025-12-01","ethereum","stakedUSDS","USDS-SKY","non-Spark referrals","1002","1.5282761394672093","1","1.5282761394672093"
"2025-12-01","ethereum","stakedUSDS","USDS-SKY","non-Spark referrals","1007","3550.0594392153052","1","3550.0594392153052"
"2025-12-01","ethereum","stakedUSDS","USDS-SKY","non-Spark referrals","1016","179.02163663419003","1","179.02163663419003"
"2025-12-01","ethereum","stakedUSDS","USDS-SKY","non-Spark referrals","13425","1029.097412525714","1","1029.097412525714"
"2025-12-01","ethereum","stUSDS","stUSDS","non-Spark referrals","0","54.32902940562193","1.017979513155097","55.30583890452396"
"2025-12-01","ethereum","stUSDS","stUSDS","non-Spark referrals","1","5340.6212458399705","1.0186692009699159","5440.32637718276"
"2025-12-01","ethereum","stUSDS","stUSDS","non-Spark referrals","99","33848.45790709356","1.018753350536946","34483.22990336034"
"2025-12-01","ethereum","stUSDS","stUSDS","Spark referrals","197","17185.28499948283","1.0185306011970274","17503.738662265503"
"2025-12-01","ethereum","spUSDT","spUSDT","Spark referrals","128","55218.367326685475","1.0069772301173516","55603.63858222821"
"2025-12-01","ethereum","spUSDT","spUSDT","Spark referrals","130","295.06460890987705","1.0077908438261902","297.3634111965298"
"2025-12-01","ethereum","spUSDT","spUSDT","Spark referrals","186","289.4316916433021","1.007210470704782","291.5186303769316"
"2025-12-01","ethereum","spUSDT","spUSDT","Spark referrals","190","148.7116976205863","1.007446049623063","149.81901230059916"
"2025-12-01","ethereum","spUSDT","spUSDT","Spark referrals","191","1962.7744281482303","1.0071050184205703","1976.719976615648"
"2025-12-01","ethereum","spUSDT","spUSDT","Spark referrals","198","0.015443196817702138","1.0067330138221466","0.015547176075333857"
"2025-12-01","ethereum","spUSDT","spUSDT","Spark referrals","202","46.062199824717965","1.0075596188823117","46.410412500273715"
"2025-12-01","avalanche_c","spUSDC","spUSDC","Spark referrals","128","40124.085547929324","1.0013410673699628","40177.89464980725"
"2025-12-01","avalanche_c","spUSDC","spUSDC","Spark referrals","190","21138.4062073265","1.0014070188255755","21168.148342802873"
"2025-12-01","avalanche_c","spUSDC","spUSDC","Spark referrals","191","2905.536751169279","1.0018134575501185","2910.805818727834"
"2025-12-01","avalanche_c","spUSDC","spUSDC","Spark referrals","198","0.00003411478268602395","1.0012955615379295","0.000034158980486346784"
"2025-12-01","ethereum","spUSDC","spUSDC","Spark referrals","128","101250.79227417224","1.0067826862493612","101937.5446306672"
"2025-12-01","ethereum","spUSDC","spUSDC","Spark referrals","186","51.0901760096323","1.006845141964366","51.43989551740268"
"2025-12-01","ethereum","spUSDC","spUSDC","Spark referrals","190","57.30570950799583","1.0072380195362953","57.72048935295597"
"2025-12-01","ethereum","spUSDC","spUSDC","Spark referrals","198","0.42357994026345935","1.005646407551457","0.42597164523680864"
"2025-12-01","ethereum","spUSDC","spUSDC","Spark referrals","202","0.8794994224854846","1.0077383252708572","0.8863052750922084"
"2025-12-01","ethereum","spPYUSD","spPYUSD","Spark referrals","128","6.527646601429934","1.0008479415208154","6.533181664016496"
"2025-12-01","ethereum","spPYUSD","spPYUSD","Spark referrals","130","0.0002442237732296038","1.0008241460382097","0.00024442504928474755"
"2025-12-01","arbitrum","sUSDS","sUSDS","non-Spark referrals","0","34817.97366990274","1.0796837907549803","37592.401798327686"
"2025-12-01","arbitrum","sUSDS","sUSDS","non-Spark referrals","1","1892.6522979592723","1.0796449392966472","2043.3924753398983"
"2025-12-01","arbitrum","sUSDS","sUSDS","non-Spark referrals","99","9005.811442678514","1.079550019050901","9722.223914512413"
"2025-12-01","arbitrum","sUSDS","sUSDS","Spark referrals","128","860.2381566613882","1.079315981736447","928.4687905841377"
"2025-12-01","arbitrum","sUSDS","sUSDS","Spark referrals","171","0.0003085323589285021","1.0795914046594994","0.00033308888275853044"
"2025-12-01","arbitrum","sUSDS","sUSDS","non-Spark referrals","3333","0.0017281409456718522","1.0797226484354867","0.0018659129187306189"
"2025-12-01","arbitrum","sUSDS","sUSDS","non-Spark referrals","123623963915635","0.011085673445869049","1.0790102391291299","0.011961555155734608"
"2025-12-01","arbitrum","sUSDS","sUSDS","non-Spark referrals","90000000000000000000","0.029319114136904027","1.0796169760427061","0.03165341334473528"
"2025-12-01","base","sUSDS","sUSDS","non-Spark referrals","0","3963.3244399946525","1.079576735893208","4278.712862215203"
"2025-12-01","base","sUSDS","sUSDS","non-Spark referrals","1","676.651974974748","1.0796327871155416","730.5356576492229"
"2025-12-01","base","sUSDS","sUSDS","non-Spark referrals","99","3980.7681343884356","1.0795426932874037","4297.4091531503655"
"2025-12-01","base","sUSDS","sUSDS","Spark referrals","128","1002.3134410009029","1.0795379541336723","1082.0354014987959"
"2025-12-01","base","sUSDS","sUSDS","Spark referrals","129","0.00041150890383529544","1.0800729184272586","0.0004444596227241896"
"2025-12-01","base","sUSDS","sUSDS","Spark referrals","170","0.000015145780374004696","1.0795914046594999","0.000016351254308636015"
"2025-12-01","base","sUSDS","sUSDS","Spark referrals","171","0.002035838898737688","1.0795914046594999","0.00219787417634867"
"2025-12-01","base","sUSDS","sUSDS","non-Spark referrals","1015","0.00007120659216172502","1.0795914046594999","0.00007687402485289285"
"2025-12-01","base","sUSDS","sUSDS","non-Spark referrals","1017","3.236401007205668","1.0795914046594997","3.4939907094105864"
"2025-12-01","base","sUSDS","sUSDS","non-Spark referrals","3333","0.834084609632739","1.0795841296971704","0.9004645073841647"
"2025-12-01","base","sUSDS","sUSDS","non-Spark referrals","9998","0.0018635191383963687","1.079371501572963","0.0020114294506208426"
"2025-12-01","base","sUSDS","sUSDS","non-Spark referrals","123623963915635","0.001898023665932742","1.0790670529940627","0.002048094803711031"
"2025-12-01","ethereum","sUSDS","sUSDS","non-Spark referrals","0","2614.9706105185996","1.0795664688113766","2823.0345880430946"
"2025-12-01","ethereum","sUSDS","sUSDS","non-Spark referrals","1","88412.45543646446","1.0795818324402082","95448.48065063656"
"2025-12-01","ethereum","sUSDS","sUSDS","non-Spark referrals","99","1764388.9226699849","1.0796175070219922","1904865.1701101877"
"2025-12-01","ethereum","sUSDS","sUSDS","Spark referrals","128","202800.63955831394","1.0795300425946657","218929.38306061208"
"2025-12-01","ethereum","sUSDS","sUSDS","Spark referrals","183","22327.543417845092","1.0796169519777858","24105.194369925593"
"2025-12-01","ethereum","sUSDS","sUSDS","Spark referrals","186","0.3627135743604636","1.0780021341561887","0.39100600724799917"
"2025-12-01","ethereum","sUSDS","sUSDS","Spark referrals","303","0.0020224385665358097","1.0795914046594997","0.00218340729288394"
"2025-12-01","ethereum","sUSDS","sUSDS","non-Spark referrals","1001","1090.3162145820786","1.0795672988039813","1177.0697306185566"
"2025-12-01","ethereum","sUSDS","sUSDS","non-Spark referrals","1002","2219.8279301930384","1.079591907777472","2396.508270094819"
"2025-12-01","ethereum","sUSDS","sUSDS","non-Spark referrals","1007","1741.8438613350036","1.079051287855265","1879.538861816323"
"2025-12-01","ethereum","sUSDS","sUSDS","non-Spark referrals","1015","0.000014706587619042547","1.0795914046595","0.000015877105585390156"
"2025-12-01","ethereum","sUSDS","sUSDS","non-Spark referrals","1017","0.007367982836491549","1.0811210513745988","0.007965681350697742"
"2025-12-01","ethereum","sUSDS","sUSDS","non-Spark referrals","13425","0.0001849334033290919","1.0795914046595003","0.00019965251266851623"
"2025-12-01","optimism","sUSDS","sUSDS","non-Spark referrals","0","44324.64620504516","1.079581746299456","47852.0789541482"
"2025-12-01","optimism","sUSDS","sUSDS","non-Spark referrals","1","142.89649736233008","1.0796181103211828","154.2736464538347"
"2025-12-01","optimism","sUSDS","sUSDS","non-Spark referrals","99","39.286074540952306","1.0796289913586135","42.41438503108764"
"2025-12-01","optimism","sUSDS","sUSDS","Spark referrals","128","11.219683106831836","1.0795914790177579","12.112674279415135"
"2025-12-01","unichain","sUSDS","sUSDS","non-Spark referrals","0","2566.802014645272","1.0792535252996955","2770.2301230522703"
"2025-12-01","unichain","sUSDS","sUSDS","non-Spark referrals","1","0.09980898533148116","1.0796135609278235","0.10775513406631328"
"2025-12-01","unichain","sUSDS","sUSDS","non-Spark referrals","99","0.0021083114700680035","1.0795548737861635","0.0022760379229711846"
"2025-12-01","unichain","sUSDS","sUSDS","Spark referrals","128","0.2534024272325948","1.0795878513699904","0.2735701819479774"
"2025-12-01","arbitrum","sUSDC","sUSDC","Spark referrals","0","0.000014883926032477364","1.0795914046595","0.000016068558612250338"
"2025-12-01","arbitrum","sUSDC","sUSDC","Spark referrals","127","1199.385822460359","1.0793410145548508","1294.5463104570679"
"2025-12-01","arbitrum","sUSDC","sUSDC","Spark referrals","128","33182.94706792128","1.0796985237092573","35827.57896155704"
"2025-12-01","arbitrum","sUSDC","sUSDC","Spark referrals","182","0.000008799273424025491","1.0795914046594999","0.000009499619955826687"
"2025-12-01","arbitrum","sUSDC","sUSDC","Spark referrals","190","0.003813175477531434","1.0795914046594999","0.00411667147000132"
"2025-12-01","arbitrum","sUSDC","sUSDC","Spark referrals","194","17.303619716895632","1.0793076984684524","18.675929971815957"
"2025-12-01","arbitrum","sUSDC","sUSDC","Spark referrals","196","0.02096542260444804","1.0799758678655291","0.022642150472406353"
"2025-12-01","arbitrum","sUSDC","sUSDC","Spark referrals","1004","0.005030956001212445","1.0795914046594999","0.005431376856129084"
"2025-12-01","arbitrum","sUSDC","sUSDC","Spark referrals","1017","389.5963202413552","1.0795076603532991","420.5722121460001"
"2025-12-01","base","sUSDC","sUSDC","Spark referrals","0","0.05729783569401467","1.0797341643159932","0.06186643074019202"
"2025-12-01","base","sUSDC","sUSDC","Spark referrals","127","61.890653359036826","1.07957485127921","66.81559289565533"
"2025-12-01","base","sUSDC","sUSDC","Spark referrals","128","3881.2514497420807","1.0795770594436955","4190.110027074135"
"2025-12-01","base","sUSDC","sUSDC","Spark referrals","129","0.5936027945558888","1.0807231989315538","0.6415203110271501"
"2025-12-01","base","sUSDC","sUSDC","Spark referrals","182","0.026773894582781694","1.0795914046594999","0.028904866460830663"
"2025-12-01","base","sUSDC","sUSDC","Spark referrals","194","0.13279862619127056","1.0783919859730495","0.14320897423289689"
"2025-12-01","base","sUSDC","sUSDC","Spark referrals","1004","0.009781199988890635","1.0795914046594997","0.010559699435261924"
"2025-12-01","base","sUSDC","sUSDC","Spark referrals","1017","12.13333689941257","1.0795914046594999","13.099046226443757"
"2025-12-01","ethereum","sUSDC","sUSDC","Spark referrals","0","41.37996594829817","1.0795797999166241","44.672975359020455"
"2025-12-01","ethereum","sUSDC","sUSDC","Spark referrals","127","658.5705451584977","1.0795549277554732","710.9630773004645"
"2025-12-01","ethereum","sUSDC","sUSDC","Spark referrals","128","559220.707746088","1.0796108733593595","603740.7566903932"
"2025-12-01","ethereum","sUSDC","sUSDC","Spark referrals","186","603.2012411503451","1.0796744381137018","651.2609611084864"
"2025-12-01","ethereum","sUSDC","sUSDC","Spark referrals","188","2830.797478513653","1.0794057204706284","3055.578991801468"
"2025-12-01","ethereum","sUSDC","sUSDC","Spark referrals","190","47.628595040919606","1.080505288596727","51.46294883014548"
"2025-12-01","ethereum","sUSDC","sUSDC","Spark referrals","192","47326.717014257054","1.079776500447142","51102.2768753067"
"2025-12-01","ethereum","sUSDC","sUSDC","Spark referrals","194","0.3678302351847806","1.079590147557466","0.3971058978792347"
"2025-12-01","ethereum","sUSDC","sUSDC","Spark referrals","195","7332.47412466162","1.0795030964157275","7915.42852196042"
"2025-12-01","ethereum","sUSDC","sUSDC","Spark referrals","1017","59.32680708088426","1.0803136904147332","64.091561898073"
"2025-12-01","optimism","sUSDC","sUSDC","Spark referrals","127","4546.438703044136","1.0799827382450617","4910.075319776933"
"2025-12-01","optimism","sUSDC","sUSDC","Spark referrals","128","39763.30257380259","1.0795357615868668","42925.907127219"
"2025-12-01","optimism","sUSDC","sUSDC","Spark referrals","190","14.814835707599581","1.0799474507877147","15.999244056260977"
"2025-12-01","optimism","sUSDC","sUSDC","Spark referrals","194","0.09002079071793312","1.0795914046594999","0.09718567189973228"
"2025-12-01","unichain","sUSDC","sUSDC","Spark referrals","0","3.513315777151902e-10","1.0788132215661235","3.790211511928332e-10"
"2025-12-01","unichain","sUSDC","sUSDC","Spark referrals","127","146.7534083499618","1.0791539544881827","158.36952095548037"
"2025-12-01","unichain","sUSDC","sUSDC","Spark referrals","128","2420.0479926511453","1.0792595632689819","2611.859939638651"
"2025-12-01","unichain","sUSDC","sUSDC","Spark referrals","1017","0.0004307131427637383","1.0795914046594999","0.00046499420680161195"
"2025-12-01","ethereum","USDS - Treasury","USDS - Treasury","Spark referrals","126","122301.12861031642","1","122301.12861031642"
"2025-11-01","ethereum","stakedUSDS","USDS-SPK","non-Spark referrals","0","0.0015192947637333804","1","0.0015192947637333804"
"2025-11-01","ethereum","stakedUSDS","USDS-SPK","non-Spark referrals","1","26928.254793473046","1","26928.254793473046"
"2025-11-01","ethereum","stakedUSDS","USDS-SPK","Spark referrals","127","1463.1243687486553","1","1463.1243687486553"
"2025-11-01","ethereum","stakedUSDS","USDS-SPK","Spark referrals","128","330450.44027419447","1","330450.44027419447"
"2025-11-01","ethereum","stakedUSDS","USDS-SPK","non-Spark referrals","1007","2745.397795584699","1","2745.397795584699"
"2025-11-01","ethereum","stakedUSDS","USDS-SKY","non-Spark referrals","0","400.40465450305953","1","400.40465450305953"
"2025-11-01","ethereum","stakedUSDS","USDS-SKY","non-Spark referrals","1","28350.573275756284","1","28350.573275756284"
"2025-11-01","ethereum","stakedUSDS","USDS-SKY","non-Spark referrals","99","9515.9477855527","1","9515.9477855527"
"2025-11-01","ethereum","stakedUSDS","USDS-SKY","Spark referrals","128","25541.54972612884","1","25541.54972612884"
"2025-11-01","ethereum","stakedUSDS","USDS-SKY","Spark referrals","303","2.861960984951431e-14","1","2.861960984951431e-14"
"2025-11-01","ethereum","stakedUSDS","USDS-SKY","non-Spark referrals","1001","3485.1969182957882","1","3485.1969182957882"
"2025-11-01","ethereum","stakedUSDS","USDS-SKY","non-Spark referrals","1002","1.4789769091618155","1","1.4789769091618155"
"2025-11-01","ethereum","stakedUSDS","USDS-SKY","non-Spark referrals","1007","1106.3916103555505","1","1106.3916103555505"
"2025-11-01","ethereum","stakedUSDS","USDS-SKY","non-Spark referrals","1016","8.734011794895724e-19","1","8.734011794895724e-19"
"2025-11-01","ethereum","stakedUSDS","USDS-SKY","non-Spark referrals","13425","370.40271459148244","1","370.40271459148244"
"2025-11-01","ethereum","stUSDS","stUSDS","non-Spark referrals","0","64.02850304052211","1.0064100099926416","64.43892638482575"
"2025-11-01","ethereum","stUSDS","stUSDS","non-Spark referrals","1","2803.5486125806156","1.0068878715505907","2822.8590953099074"
"2025-11-01","ethereum","stUSDS","stUSDS","non-Spark referrals","99","38190.04876540592","1.0053061561556738","38392.69112774796"
"2025-11-01","ethereum","stUSDS","stUSDS","Spark referrals","197","17426.25278472718","1.0079011909615883","17563.94093572422"
"2025-11-01","ethereum","spUSDT","spUSDT","Spark referrals","128","31743.771229489732","1.0035083209230273","31855.138566269943"
"2025-11-01","ethereum","spUSDT","spUSDT","Spark referrals","130","11.502787179101672","1.0041502371683035","11.550526473991464"
"2025-11-01","ethereum","spUSDT","spUSDT","Spark referrals","186","10.4144863635599","1.0048820133463683","10.46533002498237"
"2025-11-01","ethereum","spUSDT","spUSDT","Spark referrals","198","0.4635839130741208","1.0023620247150917","0.4646789097343208"
"2025-11-01","avalanche_c","spUSDC","spUSDC","Spark referrals","128","0","NaN","0"
"2025-11-01","avalanche_c","spUSDC","spUSDC","Spark referrals","198","0","NaN","0"
"2025-11-01","ethereum","spUSDC","spUSDC","Spark referrals","128","52718.826978102035","1.003614128521122","52909.359594283684"
"2025-11-01","ethereum","spUSDC","spUSDC","Spark referrals","186","0.4376207306658439","1.0043635995431188","0.43953033228623667"
"2025-11-01","ethereum","spUSDC","spUSDC","Spark referrals","198","1.1620789964461284","1.0037721326129065","1.1664625125273966"
"2025-11-01","arbitrum","sUSDS","sUSDS","non-Spark referrals","0","26237.850175733358","1.0758134239052148","28227.031433467746"
"2025-11-01","arbitrum","sUSDS","sUSDS","non-Spark referrals","1","1059.607935937485","1.075911800872127","1140.0446825728968"
"2025-11-01","arbitrum","sUSDS","sUSDS","non-Spark referrals","99","2564.0395707019884","1.0767539457054394","2760.8397246982468"
"2025-11-01","arbitrum","sUSDS","sUSDS","Spark referrals","128","894.355784730741","1.0759962328182715","962.3234551695062"
"2025-11-01","arbitrum","sUSDS","sUSDS","Spark referrals","171","0.0002985797021888729","1.075766090967834","0.00032120191906606383"
"2025-11-01","arbitrum","sUSDS","sUSDS","non-Spark referrals","3333","0.0014955970313257911","1.075766719170551","0.0016089135115905618"
"2025-11-01","arbitrum","sUSDS","sUSDS","non-Spark referrals","123623963915635","0.011925110112355232","1.0754029387603223","0.012824298459867253"
"2025-11-01","arbitrum","sUSDS","sUSDS","non-Spark referrals","90000000000000000000","0.22793823868034496","1.075729545419661","0.24519989787936566"
"2025-11-01","base","sUSDS","sUSDS","non-Spark referrals","0","3450.5104817132287","1.0758388317874004","3712.19316571654"
"2025-11-01","base","sUSDS","sUSDS","non-Spark referrals","1","410.0315784836227","1.0758964419289334","441.15151636903386"
"2025-11-01","base","sUSDS","sUSDS","non-Spark referrals","99","3712.771705684321","1.0757283254684538","3993.9336898024494"
"2025-11-01","base","sUSDS","sUSDS","Spark referrals","128","1004.9171550981998","1.075757394831038","1081.0470607894576"
"2025-11-01","base","sUSDS","sUSDS","Spark referrals","170","0.00001465720681355293","1.075766090967834","0.000015767726078322937"
"2025-11-01","base","sUSDS","sUSDS","Spark referrals","171","0.0019548360813147637","1.0757741662232168","0.0021029621554794504"
"2025-11-01","base","sUSDS","sUSDS","non-Spark referrals","1015","0.0000689096053177984","1.0757660909678342","0.00007413061674286425"
"2025-11-01","base","sUSDS","sUSDS","non-Spark referrals","1017","3.1321178457670396","1.0757660156997915","3.3694259356430223"
"2025-11-01","base","sUSDS","sUSDS","non-Spark referrals","3333","0.911625707512088","1.0759173741150436","0.9808339374021745"
"2025-11-01","base","sUSDS","sUSDS","non-Spark referrals","9998","0.0016698654690198498","1.0751077300033833","0.0017952852738089657"
"2025-11-01","base","sUSDS","sUSDS","non-Spark referrals","123623963915635","0.002207392174087552","1.075996729797263","0.002375146760698277"
"2025-11-01","ethereum","sUSDS","sUSDS","non-Spark referrals","0","2498.239368110407","1.0757480525641947","2687.476135083975"
"2025-11-01","ethereum","sUSDS","sUSDS","non-Spark referrals","1","68571.50529586918","1.0758478438766361","73772.5061239362"
"2025-11-01","ethereum","sUSDS","sUSDS","non-Spark referrals","99","1458217.2247684817","1.075781559838451","1568723.2006447343"
"2025-11-01","ethereum","sUSDS","sUSDS","Spark referrals","128","180958.86532626135","1.0757757844789002","194671.16530477046"
"2025-11-01","ethereum","sUSDS","sUSDS","Spark referrals","183","19373.369227899773","1.075863071862254","20843.092529849913"
"2025-11-01","ethereum","sUSDS","sUSDS","Spark referrals","186","34.72657107182237","1.0762268084009186","37.37366675133505"
"2025-11-01","ethereum","sUSDS","sUSDS","Spark referrals","303","0.00195719861277659","1.075766090967834","0.0021054879009143397"
"2025-11-01","ethereum","sUSDS","sUSDS","non-Spark referrals","1001","1207.023476120406","1.0757506969547015","1298.4563456772132"
"2025-11-01","ethereum","sUSDS","sUSDS","non-Spark referrals","1002","2833.5297239493316","1.075491508397115","3047.437156898328"
"2025-11-01","ethereum","sUSDS","sUSDS","non-Spark referrals","1007","800.7046327854266","1.0768692459355662","862.2541941247569"
"2025-11-01","ethereum","sUSDS","sUSDS","non-Spark referrals","1015","0.000014232181566815368","1.0757660909678342","0.000015310498330077433"
"2025-11-01","ethereum","sUSDS","sUSDS","non-Spark referrals","13425","0.00017896780967331476","1.0757660909678337","0.00019252750102133708"
"2025-11-01","optimism","sUSDS","sUSDS","non-Spark referrals","0","31016.663579443168","1.075932689389805","33371.8422609291"
"2025-11-01","optimism","sUSDS","sUSDS","non-Spark referrals","1","36.41802701051777","1.076762995265451","39.21358384550321"
"2025-11-01","optimism","sUSDS","sUSDS","non-Spark referrals","99","35.31609841047749","1.0758593783291641","37.99515568090789"
"2025-11-01","optimism","sUSDS","sUSDS","Spark referrals","128","8.016790575078682","1.076287979465876","8.628375329852512"
"2025-11-01","unichain","sUSDS","sUSDS","non-Spark referrals","0","5176.578686868039","1.0753518725759412","5566.643584460252"
"2025-11-01","unichain","sUSDS","sUSDS","non-Spark referrals","1","0.0973767653299439","1.0757519239259599","0.10475324264937386"
"2025-11-01","unichain","sUSDS","sUSDS","non-Spark referrals","99","0.0019034340424334923","1.0757678820216","0.00204765320839649"
"2025-11-01","unichain","sUSDS","sUSDS","Spark referrals","128","0.25087919026927835","1.0757920333264042","0.26989383421906876"
"2025-11-01","arbitrum","sUSDC","sUSDC","Spark referrals","0","0.000014403799386268416","1.0757660909678342","0.000015495118960850864"
"2025-11-01","arbitrum","sUSDC","sUSDC","Spark referrals","127","871.8415630945634","1.0754229182212205","937.5983980097058"
"2025-11-01","arbitrum","sUSDC","sUSDC","Spark referrals","128","25177.309003087157","1.0758225031443436","27086.315594139844"
"2025-11-01","arbitrum","sUSDC","sUSDC","Spark referrals","182","0.000008515425894218218","1.0757660909678337","0.000009160606427149403"
"2025-11-01","arbitrum","sUSDC","sUSDC","Spark referrals","190","0.0036901698169659047","1.0757660909678337","0.003969759559004898"
"2025-11-01","arbitrum","sUSDC","sUSDC","Spark referrals","194","33.70769466599225","1.0756992034968424","36.25934030392263"
"2025-11-01","arbitrum","sUSDC","sUSDC","Spark referrals","196","0.014818822050303321","1.0756917048107248","0.01594048395457754"
"2025-11-01","arbitrum","sUSDC","sUSDC","Spark referrals","1004","0.00486866731476697","1.0757660908950233","0.005237547205075232"
"2025-11-01","arbitrum","sUSDC","sUSDC","Spark referrals","1017","127.06447274691786","1.076736265639366","136.81492588095134"
"2025-11-01","base","sUSDC","sUSDC","Spark referrals","0","0.030830450077646683","1.075824915649589","0.03316816635422311"
"2025-11-01","base","sUSDC","sUSDC","Spark referrals","127","58.67420065568511","1.075767872965263","63.11982003730342"
"2025-11-01","base","sUSDC","sUSDC","Spark referrals","128","3371.3690912314","1.0758408255142229","3627.0565062235246"
"2025-11-01","base","sUSDC","sUSDC","Spark referrals","182","0.027089027549186902","1.075696754947304","0.029139579029338468"
"2025-11-01","base","sUSDC","sUSDC","Spark referrals","190","0.00005159977085168137","1.0740665515052463","0.00005542158793712633"
"2025-11-01","base","sUSDC","sUSDC","Spark referrals","194","0.9203813401303456","1.0752340717509008","0.9896253759119021"
"2025-11-01","base","sUSDC","sUSDC","Spark referrals","1004","0.00946567740860384","1.075766090967834","0.010182854784216289"
"2025-11-01","base","sUSDC","sUSDC","Spark referrals","1017","11.74193893491539","1.075766090967834","12.631579748396941"
"2025-11-01","ethereum","sUSDC","sUSDC","Spark referrals","0","2071.6184568905596","1.0751495953348988","2227.299745614193"
"2025-11-01","ethereum","sUSDC","sUSDC","Spark referrals","127","872.4771307283158","1.0754618859206533","938.3159004357149"
"2025-11-01","ethereum","sUSDC","sUSDC","Spark referrals","128","555435.3650236265","1.07575764391173","597513.8396230681"
"2025-11-01","ethereum","sUSDC","sUSDC","Spark referrals","186","372.66008804192046","1.0762267698439671","401.06676280312445"
"2025-11-01","ethereum","sUSDC","sUSDC","Spark referrals","188","6612.571714426764","1.0751966144418295","7109.814720105461"
"2025-11-01","ethereum","sUSDC","sUSDC","Spark referrals","190","0.004358109142988633","1.0755180645928502","0.00468722511075154"
"2025-11-01","ethereum","sUSDC","sUSDC","Spark referrals","192","0.00022592224816239703","1.0773453984690478","0.0002433962944695407"
"2025-11-01","ethereum","sUSDC","sUSDC","Spark referrals","194","0.39790421882598076","1.0757055661318897","0.42802778297846894"
"2025-11-01","ethereum","sUSDC","sUSDC","Spark referrals","195","7534.682372038633","1.0757739261324453","8105.614837528926"
"2025-11-01","ethereum","sUSDC","sUSDC","Spark referrals","1017","31.261191533458575","1.0758678788628981","33.63291182582887"
"2025-11-01","optimism","sUSDC","sUSDC","Spark referrals","127","110.16083453376525","1.0773632525414072","118.68323499597311"
"2025-11-01","optimism","sUSDC","sUSDC","Spark referrals","128","30906.41558900876","1.0759275908525263","33253.06526656916"
"2025-11-01","optimism","sUSDC","sUSDC","Spark referrals","194","0.08711689424316109","1.075766090967834","0.0937174007772236"
"2025-11-01","optimism","sUSDC","sUSDC","Spark referrals","1017","0.000002496435690628442","1.0763416346161445","0.000002687017671965101"
"2025-11-01","unichain","sUSDC","sUSDC","Spark referrals","0","2.6913108763767746e-10","1.0766113570896902","2.8974958549662427e-10"
"2025-11-01","unichain","sUSDC","sUSDC","Spark referrals","127","693.1976055243723","1.0754325623073624","745.4872770944039"
"2025-11-01","unichain","sUSDC","sUSDC","Spark referrals","128","4483.380664524361","1.0753393966999332","4821.1558589657725"
"2025-11-01","unichain","sUSDC","sUSDC","Spark referrals","1017","0.000416819170416521","1.0757660909678337","0.0004483999295994361"
"2025-11-01","ethereum","USDS - Treasury","USDS - Treasury","Spark referrals","126","132921.10854313424","1","132921.10854313424"
"2025-10-01","ethereum","stakedUSDS","USDS-SPK","non-Spark referrals","0","0.0015699379225244932","1","0.0015699379225244932"
"2025-10-01","ethereum","stakedUSDS","USDS-SPK","non-Spark referrals","1","13130.82195000509","1","13130.82195000509"
"2025-10-01","ethereum","stakedUSDS","USDS-SPK","Spark referrals","127","4351.436152677302","1","4351.436152677302"
"2025-10-01","ethereum","stakedUSDS","USDS-SPK","Spark referrals","128","421245.2309106294","1","421245.2309106294"
"2025-10-01","ethereum","stakedUSDS","USDS-SPK","non-Spark referrals","1007","8494.290257053637","1","8494.290257053637"
"2025-10-01","ethereum","stakedUSDS","USDS-SKY","non-Spark referrals","0","2492.1769560649764","1","2492.1769560649764"
"2025-10-01","ethereum","stakedUSDS","USDS-SKY","non-Spark referrals","1","48216.0059076828","1","48216.0059076828"
"2025-10-01","ethereum","stakedUSDS","USDS-SKY","non-Spark referrals","99","11049.742973151679","1","11049.742973151679"
"2025-10-01","ethereum","stakedUSDS","USDS-SKY","Spark referrals","128","24647.02324533146","1","24647.02324533146"
"2025-10-01","ethereum","stakedUSDS","USDS-SKY","Spark referrals","303","2.957359684449812e-14","1","2.957359684449812e-14"
"2025-10-01","ethereum","stakedUSDS","USDS-SKY","non-Spark referrals","1001","1353.1983901075666","1","1353.1983901075666"
"2025-10-01","ethereum","stakedUSDS","USDS-SKY","non-Spark referrals","1002","1.5286037156247416","1","1.5286037156247416"
"2025-10-01","ethereum","stakedUSDS","USDS-SKY","non-Spark referrals","1007","1258.2885492999571","1","1258.2885492999571"
"2025-10-01","ethereum","stakedUSDS","USDS-SKY","non-Spark referrals","1016","9.025145521392248e-19","1","9.025145521392248e-19"
"2025-10-01","ethereum","stUSDS","stUSDS","non-Spark referrals","0","36.58342134236844","1.002515925400876","36.67546250137465"
"2025-10-01","ethereum","stUSDS","stUSDS","non-Spark referrals","1","5503.270037095374","1.0022870451513841","5515.85626415047"
"2025-10-01","ethereum","stUSDS","stUSDS","non-Spark referrals","99","18136.132867205444","1.002954041475785","18189.707755905514"
"2025-10-01","ethereum","stUSDS","stUSDS","Spark referrals","197","16127.59819947592","1.0019809299899207","16159.545842414655"
"2025-10-01","ethereum","spUSDT","spUSDT","Spark referrals","128","5993.963241308504","1.0008404801706057","5999.0010485561625"
"2025-10-01","ethereum","spUSDT","spUSDT","Spark referrals","130","0.0006931735250780638","1.0007935222827482","0.0006937235737160243"
"2025-10-01","ethereum","spUSDT","spUSDT","Spark referrals","198","0.048628382569551376","1.0013032784576839","0.04869175889298628"
"2025-10-01","avalanche_c","spUSDC","spUSDC","Spark referrals","128","0","NaN","0"
"2025-10-01","avalanche_c","spUSDC","spUSDC","Spark referrals","198","0","NaN","0"
"2025-10-01","ethereum","spUSDC","spUSDC","Spark referrals","128","7601.2744095471135","1.000784382213249","7607.236713991987"
"2025-10-01","ethereum","spUSDC","spUSDC","Spark referrals","198","0.0026775041340968545","1.001211523019681","0.002680747991990604"
"2025-10-01","arbitrum","sUSDS","sUSDS","non-Spark referrals","0","26528.188675042482","1.0718638468586072","28434.60636342197"
"2025-10-01","arbitrum","sUSDS","sUSDS","non-Spark referrals","1","678.1123285744828","1.0722268291994521","727.0902319084747"
"2025-10-01","arbitrum","sUSDS","sUSDS","non-Spark referrals","99","682.2365179916795","1.0716198470798999","731.0981930825669"
"2025-10-01","arbitrum","sUSDS","sUSDS","Spark referrals","128","690.0496153801203","1.071839606716958","739.6225083642163"
"2025-10-01","arbitrum","sUSDS","sUSDS","Spark referrals","171","0.0003085323589285021","1.0717592069086124","0.00033067239631085475"
"2025-10-01","arbitrum","sUSDS","sUSDS","non-Spark referrals","3333","0.0015448867638759268","1.0717592069086128","0.0016557466128152766"
"2025-10-01","arbitrum","sUSDS","sUSDS","non-Spark referrals","123623963915635","0.014157679324856015","1.0717241938939226","0.015173127461839965"
"2025-10-01","arbitrum","sUSDS","sUSDS","non-Spark referrals","90000000000000000000","0.08277078335643778","1.0728144858930653","0.08879769539350309"
"2025-10-01","base","sUSDS","sUSDS","non-Spark referrals","0","2791.5285470411213","1.071908266927713","2992.262526938085"
"2025-10-01","base","sUSDS","sUSDS","non-Spark referrals","1","341.89751638224175","1.0714654468436506","366.33137516523306"
"2025-10-01","base","sUSDS","sUSDS","non-Spark referrals","99","4914.610904487849","1.0717545195849143","5267.256448886156"
"2025-10-01","base","sUSDS","sUSDS","Spark referrals","128","1011.1539042917468","1.0717606649074474","1083.714980787484"
"2025-10-01","base","sUSDS","sUSDS","Spark referrals","170","0.000015145780374004693","1.0717592069086128","0.000016232629561655303"
"2025-10-01","base","sUSDS","sUSDS","Spark referrals","171","0.000695664043777966","1.0729154203315352","0.0007463886799395719"
"2025-10-01","base","sUSDS","sUSDS","non-Spark referrals","1015","0.000071206592161725","1.071759206908613","0.00007631632074191545"
"2025-10-01","base","sUSDS","sUSDS","non-Spark referrals","1017","3.2340108258409743","1.0717604952606037","3.4660850443814764"
"2025-10-01","base","sUSDS","sUSDS","non-Spark referrals","3333","0.9846745673738312","1.071833540399186","1.0554072276893305"
"2025-10-01","base","sUSDS","sUSDS","non-Spark referrals","9998","0.0009790511644856912","1.071972789982294","0.0010495162083291403"
"2025-10-01","base","sUSDS","sUSDS","non-Spark referrals","123623963915635","0.011816390883204811","1.0705279177099638","0.012649776327044247"
"2025-10-01","ethereum","sUSDS","sUSDS","non-Spark referrals","0","3312.8351458014918","1.0716840277626019","3550.3125123660493"
"2025-10-01","ethereum","sUSDS","sUSDS","non-Spark referrals","1","76708.48450824429","1.071773611051708","82214.129439705"
"2025-10-01","ethereum","sUSDS","sUSDS","non-Spark referrals","99","1040107.9043790776","1.0720075515981111","1115003.5279712572"
"2025-10-01","ethereum","sUSDS","sUSDS","Spark referrals","128","163251.76696737195","1.0718083828402452","174974.6123491115"
"2025-10-01","ethereum","sUSDS","sUSDS","Spark referrals","183","16176.246949609173","1.0717296035755859","17336.56273064542"
"2025-10-01","ethereum","sUSDS","sUSDS","Spark referrals","186","0.01813649366342405","1.0705852662009292","0.0194166628966083"
"2025-10-01","ethereum","sUSDS","sUSDS","Spark referrals","303","0.0020224385665358097","1.0717592069086128","0.002167567154091811"
"2025-10-01","ethereum","sUSDS","sUSDS","non-Spark referrals","1001","1335.7591453352998","1.071707425940881","1431.5429953242854"
"2025-10-01","ethereum","sUSDS","sUSDS","non-Spark referrals","1002","4264.270103061471","1.071698160290254","4570.01042443171"
"2025-10-01","ethereum","sUSDS","sUSDS","non-Spark referrals","1007","2278.059373370772","1.0719128309071724","2441.8810718844834"
"2025-10-01","ethereum","sUSDS","sUSDS","non-Spark referrals","1015","0.00001470658761904255","1.0717592069086126","0.000015761920682917065"
"2025-10-01","ethereum","sUSDS","sUSDS","non-Spark referrals","1017","0.01667813004975101","1.072226907843118","0.017882739811849915"
"2025-10-01","ethereum","sUSDS","sUSDS","non-Spark referrals","13425","0.0001849334033290919","1.0717592069086128","0.00019820407768289815"
"2025-10-01","optimism","sUSDS","sUSDS","non-Spark referrals","0","24987.44012559304","1.0718029843486518","26781.612897843872"
"2025-10-01","optimism","sUSDS","sUSDS","non-Spark referrals","1","19.363773206954725","1.0722681181526772","20.763156656956575"
"2025-10-01","optimism","sUSDS","sUSDS","non-Spark referrals","99","27.564018145250873","1.07136031992321","29.53099529846514"
"2025-10-01","optimism","sUSDS","sUSDS","Spark referrals","128","1.1244689923507785","1.0716316815366733","1.2050165971087134"
"2025-10-01","unichain","sUSDS","sUSDS","non-Spark referrals","0","11932.953833437452","1.0718029096852313","12789.774639817797"
"2025-10-01","unichain","sUSDS","sUSDS","non-Spark referrals","1","0.8069447004166215","1.070151004200602","0.8635526814852014"
"2025-10-01","unichain","sUSDS","sUSDS","non-Spark referrals","99","0.0007746950806838142","1.0730137999008669","0.0008312585122890482"
"2025-10-01","unichain","sUSDS","sUSDS","Spark referrals","128","0.2926875481503013","1.071622498387356","0.3136505615956954"
"2025-10-01","arbitrum","sUSDC","sUSDC","Spark referrals","0","0.0013075816560664077","1.071971374013895","0.0014016901044888713"
"2025-10-01","arbitrum","sUSDC","sUSDC","Spark referrals","127","733.4544232900485","1.072221111537421","786.4253170020938"
"2025-10-01","arbitrum","sUSDC","sUSDC","Spark referrals","128","25729.079114592678","1.0718534894277985","27577.803228740053"
"2025-10-01","arbitrum","sUSDC","sUSDC","Spark referrals","182","0.000008799273424025491","1.0717592069086126","0.000009430702306305592"
"2025-10-01","arbitrum","sUSDC","sUSDC","Spark referrals","190","0.0038131754775314348","1.0717592069086126","0.004086805925602461"
"2025-10-01","arbitrum","sUSDC","sUSDC","Spark referrals","194","14.699233904387402","1.072727191012128","15.768267896283735"
"2025-10-01","arbitrum","sUSDC","sUSDC","Spark referrals","196","0.019220184941378546","1.0719083188769103","0.020602276129016384"
"2025-10-01","arbitrum","sUSDC","sUSDC","Spark referrals","1004","0.010879458231178992","1.070662660595131","0.011648229695627697"
"2025-10-01","arbitrum","sUSDC","sUSDC","Spark referrals","1017","9.494620129487734","1.0734363854163549","10.191870712698677"
"2025-10-01","base","sUSDC","sUSDC","Spark referrals","0","0.03320601016762285","1.0717591992649007","0.03558884686803361"
"2025-10-01","base","sUSDC","sUSDC","Spark referrals","127","59.525049219300676","1.07177302957032","63.7973423370923"
"2025-10-01","base","sUSDC","sUSDC","Spark referrals","128","2710.3685518431043","1.0719127451993982","2905.278594908259"
"2025-10-01","base","sUSDC","sUSDC","Spark referrals","182","0.03757024754842206","1.0717072873267681","0.04026430808431457"
"2025-10-01","base","sUSDC","sUSDC","Spark referrals","190","0.00013123862969616727","1.0732780437586782","0.00014085553974587197"
"2025-10-01","base","sUSDC","sUSDC","Spark referrals","194","0.7166512349338817","1.0726416980631162","0.7687099975585081"
"2025-10-01","base","sUSDC","sUSDC","Spark referrals","1004","0.013358390987235734","1.0716126831813884","0.01431502120881776"
"2025-10-01","base","sUSDC","sUSDC","Spark referrals","1017","12.133336899412571","1.0717592069086126","13.004015532469422"
"2025-10-01","ethereum","sUSDC","sUSDC","Spark referrals","0","3596.4465470182126","1.0716737427821232","3854.2173317588513"
"2025-10-01","ethereum","sUSDC","sUSDC","Spark referrals","127","1237.0463721022304","1.0719441542200943","1326.0446270741613"
"2025-10-01","ethereum","sUSDC","sUSDC","Spark referrals","128","323540.4097081572","1.0723057655097958","346934.24670545844"
"2025-10-01","ethereum","sUSDC","sUSDC","Spark referrals","186","23.186986179417534","1.0715868517241496","24.846869520973403"
"2025-10-01","ethereum","sUSDC","sUSDC","Spark referrals","188","15804.850172889073","1.072022095549114","16943.14860218032"
"2025-10-01","ethereum","sUSDC","sUSDC","Spark referrals","190","0.005246287920273197","1.0717592069086126","0.005622757380646236"
"2025-10-01","ethereum","sUSDC","sUSDC","Spark referrals","194","3.0968417491644074","1.0722225084518715","3.3205034285675423"
"2025-10-01","ethereum","sUSDC","sUSDC","Spark referrals","195","2961.6143783177567","1.072205489749076","3175.4591949520955"
"2025-10-01","ethereum","sUSDC","sUSDC","Spark referrals","1017","16.505998900466132","1.0718806819021156","17.69246135690721"
"2025-10-01","optimism","sUSDC","sUSDC","Spark referrals","127","8.186392884532934","1.0716862646173935","8.773244811115509"
"2025-10-01","optimism","sUSDC","sUSDC","Spark referrals","128","24979.222576001725","1.0718030209412395","26772.80621772226"
"2025-10-01","optimism","sUSDC","sUSDC","Spark referrals","194","0.031118443668908105","1.0731353682596982","0.033394302506302376"
"2025-10-01","unichain","sUSDC","sUSDC","Spark referrals","0","2.333090779692186e-11","1.0721685394341505","2.5014665336298544e-11"
"2025-10-01","unichain","sUSDC","sUSDC","Spark referrals","127","1402.5395661529478","1.0717539483084033","1503.1773176831769"
"2025-10-01","unichain","sUSDC","sUSDC","Spark referrals","128","10530.413836571463","1.0718094308237267","11286.596860513955"
"2025-10-01","unichain","sUSDC","sUSDC","Spark referrals","1017","0.0004307131427637384","1.0717592069086126","0.00046162077629358024"
"2025-10-01","ethereum","USDS - Treasury","USDS - Treasury","Spark referrals","126","141534.75235838053","1","141534.75235838053"
"2025-09-01","ethereum","stakedUSDS","USDS-SPK","non-Spark referrals","0","0.0014587430536138573","1","0.0014587430536138573"
"2025-09-01","ethereum","stakedUSDS","USDS-SPK","non-Spark referrals","1","15732.0010002784","1","15732.0010002784"
"2025-09-01","ethereum","stakedUSDS","USDS-SPK","Spark referrals","127","13171.135908265445","1","13171.135908265445"
"2025-09-01","ethereum","stakedUSDS","USDS-SPK","Spark referrals","128","548848.4853684693","1","548848.4853684693"
"2025-09-01","ethereum","stakedUSDS","USDS-SPK","non-Spark referrals","1007","9186.824087058621","1","9186.824087058621"
"2025-09-01","ethereum","stakedUSDS","USDS-SKY","non-Spark referrals","0","3141.946773080427","1","3141.946773080427"
"2025-09-01","ethereum","stakedUSDS","USDS-SKY","non-Spark referrals","1","47740.66654187956","1","47740.66654187956"
"2025-09-01","ethereum","stakedUSDS","USDS-SKY","non-Spark referrals","99","11976.46201791498","1","11976.46201791498"
"2025-09-01","ethereum","stakedUSDS","USDS-SKY","Spark referrals","128","43343.623281432476","1","43343.623281432476"
"2025-09-01","ethereum","stakedUSDS","USDS-SKY","Spark referrals","303","2.861960984951431e-14","1","2.861960984951431e-14"
"2025-09-01","ethereum","stakedUSDS","USDS-SKY","non-Spark referrals","1001","2475.032359982004","1","2475.032359982004"
"2025-09-01","ethereum","stakedUSDS","USDS-SKY","non-Spark referrals","1002","1.4756537060531647","1","1.4756537060531647"
"2025-09-01","ethereum","stakedUSDS","USDS-SKY","non-Spark referrals","1007","3092.011012027047","1","3092.011012027047"
"2025-09-01","ethereum","stakedUSDS","USDS-SKY","non-Spark referrals","1016","8.734011794895724e-19","1","8.734011794895724e-19"
"2025-09-01","arbitrum","sUSDS","sUSDS","non-Spark referrals","0","16666.551457643025","1.0677041626321504","17794.946368048393"
"2025-09-01","arbitrum","sUSDS","sUSDS","non-Spark referrals","1","359.2752275792527","1.0674823209725783","383.519953804252"
"2025-09-01","arbitrum","sUSDS","sUSDS","non-Spark referrals","99","2228.375202612825","1.0669867606346537","2377.6468389144484"
"2025-09-01","arbitrum","sUSDS","sUSDS","Spark referrals","128","644.6744540814904","1.0675640688895804","688.2312833084048"
"2025-09-01","arbitrum","sUSDS","sUSDS","Spark referrals","171","0.00029857970218887295","1.0676137718931327","0.00031876780206459087"
"2025-09-01","arbitrum","sUSDS","sUSDS","non-Spark referrals","3333","0.0014640145983198887","1.067647395303489","0.001563051372582513"
"2025-09-01","arbitrum","sUSDS","sUSDS","non-Spark referrals","123623963915635","0.007798331828770424","1.0676832086246117","0.008326147948861043"
"2025-09-01","arbitrum","sUSDS","sUSDS","non-Spark referrals","90000000000000000000","0.15040238696048455","1.0666078432908155","0.1604203655817131"
"2025-09-01","base","sUSDS","sUSDS","non-Spark referrals","0","3463.626959281784","1.0675442423059245","3697.575017876845"
"2025-09-01","base","sUSDS","sUSDS","non-Spark referrals","1","496.30158192189293","1.0675842403183475","529.8437473048782"
"2025-09-01","base","sUSDS","sUSDS","non-Spark referrals","2","3.249799974394175e-11","1.0687680488340034","3.473282377734057e-11"
"2025-09-01","base","sUSDS","sUSDS","non-Spark referrals","99","5484.985324888743","1.067544117750842","5855.463819534669"
"2025-09-01","base","sUSDS","sUSDS","Spark referrals","128","1406.0091732599249","1.067466790519408","1500.868099620618"
"2025-09-01","base","sUSDS","sUSDS","Spark referrals","170","0.00001465720681355293","1.0676137718931324","0.000015648235851634965"
"2025-09-01","base","sUSDS","sUSDS","Spark referrals","171","0.0001497278301547538","1.0676137718931327","0.00015985149350889103"
"2025-09-01","base","sUSDS","sUSDS","non-Spark referrals","1015","0.00006890960531779841","1.0676137718931324","0.00007356884365300181"
"2025-09-01","base","sUSDS","sUSDS","non-Spark referrals","1017","3.1252437916366786","1.0676144353285895","3.336555385872373"
"2025-09-01","base","sUSDS","sUSDS","non-Spark referrals","3333","0.6257628219561031","1.0675315566230095","0.6680215593996058"
"2025-09-01","base","sUSDS","sUSDS","non-Spark referrals","9998","3.5469655303542136","1.0689293810923766","3.7914556691175227"
"2025-09-01","base","sUSDS","sUSDS","non-Spark referrals","123623963915635","0.02469784965568773","1.0678577052485052","0.026373789057895284"
"2025-09-01","ethereum","sUSDS","sUSDS","non-Spark referrals","0","3519.288541263165","1.0676066605092922","3757.215886906586"
"2025-09-01","ethereum","sUSDS","sUSDS","non-Spark referrals","1","59422.04599657291","1.0677553205013317","63448.205767915584"
"2025-09-01","ethereum","sUSDS","sUSDS","non-Spark referrals","99","774033.8745070138","1.0676467959108056","826394.7860438399"
"2025-09-01","ethereum","sUSDS","sUSDS","Spark referrals","128","120188.42370353742","1.0677063579197894","128325.94413662444"
"2025-09-01","ethereum","sUSDS","sUSDS","Spark referrals","183","16518.367576220982","1.0676110046415936","17635.19100308841"
"2025-09-01","ethereum","sUSDS","sUSDS","Spark referrals","186","0.039900924956849465","1.067613771893133","0.0425987769952069"
"2025-09-01","ethereum","sUSDS","sUSDS","Spark referrals","303","0.00195719861277659","1.0676137718931322","0.0020895321933304214"
"2025-09-01","ethereum","sUSDS","sUSDS","non-Spark referrals","1001","1428.0151655251534","1.0675930017147548","1524.538997057191"
"2025-09-01","ethereum","sUSDS","sUSDS","non-Spark referrals","1002","4219.027301182905","1.0676373499466076","4504.391127187305"
"2025-09-01","ethereum","sUSDS","sUSDS","non-Spark referrals","1007","703.9452570004288","1.066678830425069","750.8835034204919"
"2025-09-01","ethereum","sUSDS","sUSDS","non-Spark referrals","1015","0.00001423218156681537","1.0676137718931327","0.000015194473044815672"
"2025-09-01","ethereum","sUSDS","sUSDS","non-Spark referrals","13425","0.00017896780967331476","1.0676137718931324","0.00019106849833277982"
"2025-09-01","optimism","sUSDS","sUSDS","non-Spark referrals","0","28273.94336893864","1.067563564544167","30184.231766664045"
"2025-09-01","optimism","sUSDS","sUSDS","non-Spark referrals","1","14.593103376288692","1.0680117174189332","15.58560539938212"
"2025-09-01","optimism","sUSDS","sUSDS","non-Spark referrals","99","18.59269592776459","1.0682115836509056","19.860933161337158"
"2025-09-01","optimism","sUSDS","sUSDS","Spark referrals","128","1.3337877275032048","1.0675603331495755","1.4238988707241367"
"2025-09-01","unichain","sUSDS","sUSDS","non-Spark referrals","0","14191.102537310155","1.0673834799975463","15147.348411276122"
"2025-09-01","unichain","sUSDS","sUSDS","non-Spark referrals","1","0.8277878449393683","1.0673524784620494","0.8835414079367935"
"2025-09-01","unichain","sUSDS","sUSDS","non-Spark referrals","99","0.011651145973531144","1.066265246447506","0.012423212032863054"
"2025-09-01","unichain","sUSDS","sUSDS","Spark referrals","128","0.3329620371439682","1.067592774252865","0.35546786495541455"
"2025-09-01","arbitrum","sUSDC","sUSDC","Spark referrals","0","0.000014403799386268415","1.067613771893133","0.000015377694592366014"
"2025-09-01","arbitrum","sUSDC","sUSDC","Spark referrals","127","1625.2935882494123","1.0674456735767148","1734.9126090688098"
"2025-09-01","arbitrum","sUSDC","sUSDC","Spark referrals","128","14958.038405749237","1.0677329039775514","15971.189784778375"
"2025-09-01","arbitrum","sUSDC","sUSDC","Spark referrals","182","0.000008515425894218218","1.0676137718931324","0.000009091185958202763"
"2025-09-01","arbitrum","sUSDC","sUSDC","Spark referrals","190","0.00326209357920212","1.0678490192506416","0.0034834234292547986"
"2025-09-01","arbitrum","sUSDC","sUSDC","Spark referrals","196","0.005287312298903092","1.0689231961685668","0.005651730761684866"
"2025-09-01","arbitrum","sUSDC","sUSDC","Spark referrals","1004","0.19293531825708055","1.0676137718931324","0.2059804028558437"
"2025-09-01","base","sUSDC","sUSDC","Spark referrals","0","0.02940485419476887","1.067613771893133","0.0313930272988448"
"2025-09-01","base","sUSDC","sUSDC","Spark referrals","127","55.87221015607451","1.067626910008245","59.6506750842611"
"2025-09-01","base","sUSDC","sUSDC","Spark referrals","128","3384.7870920240703","1.0675425096034727","3613.4041066928166"
"2025-09-01","base","sUSDC","sUSDC","Spark referrals","182","0.03757732786105452","1.0676135615364148","0.04011806483076197"
"2025-09-01","base","sUSDC","sUSDC","Spark referrals","1004","0.014145495675738378","1.0676137718931327","0.015101925993673047"
"2025-09-01","base","sUSDC","sUSDC","Spark referrals","1017","11.74193893491539","1.0676137718931324","12.53585571564385"
"2025-09-01","ethereum","sUSDC","sUSDC","Spark referrals","0","5689.9304575066335","1.0674048557755182","6073.459399367597"
"2025-09-01","ethereum","sUSDC","sUSDC","Spark referrals","127","1413.919724783674","1.0668887423269058","1508.4950369256585"
"2025-09-01","ethereum","sUSDC","sUSDC","Spark referrals","128","165961.55374877425","1.0677688655607196","177208.57997302306"
"2025-09-01","ethereum","sUSDC","sUSDC","Spark referrals","186","27.956630011372347","1.0682227889436295","29.863909280213345"
"2025-09-01","ethereum","sUSDC","sUSDC","Spark referrals","188","15430.420094676936","1.0674899060668206","16471.817697438262"
"2025-09-01","ethereum","sUSDC","sUSDC","Spark referrals","190","0.004751144707190501","1.0677406422114342","0.005072990300895042"
"2025-09-01","ethereum","sUSDC","sUSDC","Spark referrals","195","894.9218382442862","1.0684688481404634","956.1961056846185"
"2025-09-01","ethereum","sUSDC","sUSDC","Spark referrals","1017","10.634571920153528","1.0676137718931327","11.353615440143901"
"2025-09-01","optimism","sUSDC","sUSDC","Spark referrals","127","8.789607679173578","1.0676150493889607","9.383917436510488"
"2025-09-01","optimism","sUSDC","sUSDC","Spark referrals","128","28265.153723506344","1.0675635485338641","30174.847808921593"
"2025-09-01","unichain","sUSDC","sUSDC","Spark referrals","127","2327.635464709196","1.0671151584537792","2483.85508774579"
"2025-09-01","unichain","sUSDC","sUSDC","Spark referrals","128","11863.46660747444","1.0674361252104885","12663.492827046535"
"2025-09-01","unichain","sUSDC","sUSDC","Spark referrals","1017","0.00046512658238234727","1.0674166646874101","0.000496483865224019"
"2025-09-01","ethereum","USDS - Treasury","USDS - Treasury","Spark referrals","126","113302.47847282847","1","113302.47847282847"
"2025-08-01","ethereum","stakedUSDS","USDS-SPK","non-Spark referrals","0","0.0010618673974356607","1","0.0010618673974356607"
"2025-08-01","ethereum","stakedUSDS","USDS-SPK","non-Spark referrals","1","72140.5393363517","1","72140.5393363517"
"2025-08-01","ethereum","stakedUSDS","USDS-SPK","Spark referrals","127","25559.71265035364","1","25559.71265035364"
"2025-08-01","ethereum","stakedUSDS","USDS-SPK","Spark referrals","128","609129.45960975","1","609129.45960975"
"2025-08-01","ethereum","stakedUSDS","USDS-SPK","non-Spark referrals","1007","15421.475084265057","1","15421.475084265057"
"2025-08-01","ethereum","stakedUSDS","USDS-SKY","non-Spark referrals","0","1773.4041185570663","1","1773.4041185570663"
"2025-08-01","ethereum","stakedUSDS","USDS-SKY","non-Spark referrals","1","45345.64020189436","1","45345.64020189436"
"2025-08-01","ethereum","stakedUSDS","USDS-SKY","non-Spark referrals","99","13868.56664611078","1","13868.56664611078"
"2025-08-01","ethereum","stakedUSDS","USDS-SKY","Spark referrals","128","44829.79437431653","1","44829.79437431653"
"2025-08-01","ethereum","stakedUSDS","USDS-SKY","Spark referrals","303","2.957359684449812e-14","1","2.957359684449812e-14"
"2025-08-01","ethereum","stakedUSDS","USDS-SKY","non-Spark referrals","1001","2788.381408995485","1","2788.381408995485"
"2025-08-01","ethereum","stakedUSDS","USDS-SKY","non-Spark referrals","1002","35.42237260029617","1","35.42237260029617"
"2025-08-01","ethereum","stakedUSDS","USDS-SKY","non-Spark referrals","1007","5825.295281274687","1","5825.295281274687"
"2025-08-01","ethereum","stakedUSDS","USDS-SKY","non-Spark referrals","1016","143.36146408206565","1","143.36146408206565"
"2025-08-01","arbitrum","sUSDS","sUSDS","non-Spark referrals","0","11499.912265193952","1.0636127515532516","12231.453327003926"
"2025-08-01","arbitrum","sUSDS","sUSDS","non-Spark referrals","1","449.249662421186","1.0634452859483572","477.7524357157011"
"2025-08-01","arbitrum","sUSDS","sUSDS","non-Spark referrals","99","1459.1934629468735","1.0634269175770765","1551.7456064502137"
"2025-08-01","arbitrum","sUSDS","sUSDS","Spark referrals","128","1020.5774320333248","1.0635172172408447","1085.401670494889"
"2025-08-01","arbitrum","sUSDS","sUSDS","Spark referrals","171","0.0003085323589285021","1.0634830324959668","0.0003281189286964175"
"2025-08-01","arbitrum","sUSDS","sUSDS","non-Spark referrals","1017","0.000001847087108040154","1.0648338233981407","0.000001966840827403812"
"2025-08-01","arbitrum","sUSDS","sUSDS","non-Spark referrals","3333","0.0009310772899817685","1.0641432389567036","0.000990799603080229"
"2025-08-01","arbitrum","sUSDS","sUSDS","non-Spark referrals","123623963915635","0.004464981961378252","1.0640310880423092","0.004750879614454585"
"2025-08-01","arbitrum","sUSDS","sUSDS","non-Spark referrals","90000000000000000000","0.12176945898089683","1.0647573917087165","0.12965493153428126"
"2025-08-01","base","sUSDS","sUSDS","non-Spark referrals","0","3181.6551790641406","1.0630444011342526","3382.2407244439323"
"2025-08-01","base","sUSDS","sUSDS","non-Spark referrals","1","549.3094734095122","1.0634836743577412","584.181657141064"
"2025-08-01","base","sUSDS","sUSDS","non-Spark referrals","99","6079.029340283579","1.063542483075398","6465.3059592533955"
"2025-08-01","base","sUSDS","sUSDS","Spark referrals","128","1735.9771689716774","1.0633969147596154","1846.0327655776134"
"2025-08-01","base","sUSDS","sUSDS","Spark referrals","170","0.0000151457803740047","1.0634830324959665","0.00001610728044166441"
"2025-08-01","base","sUSDS","sUSDS","Spark referrals","171","0.00015471875782657895","1.063483032495967","0.0001645407737574193"
"2025-08-01","base","sUSDS","sUSDS","non-Spark referrals","1015","0.000071206592161725","1.0634830324959672","0.00007572700256585488"
"2025-08-01","base","sUSDS","sUSDS","non-Spark referrals","1017","2.2820117995943296","1.0635537546497178","2.4270422176135087"
"2025-08-01","base","sUSDS","sUSDS","non-Spark referrals","3333","0.6806459193002194","1.063543976365306","0.7238968675093747"
"2025-08-01","base","sUSDS","sUSDS","non-Spark referrals","9998","0.002340331002402548","1.062772541517365","0.0024872395274152382"
"2025-08-01","base","sUSDS","sUSDS","non-Spark referrals","123623963915635","0.008981952269553116","1.063452515522667","0.009551879735360789"
"2025-08-01","ethereum","sUSDS","sUSDS","non-Spark referrals","0","3731.5914056428464","1.0634798017331732","3968.4720882222673"
"2025-08-01","ethereum","sUSDS","sUSDS","non-Spark referrals","1","34497.39329583888","1.0636887091719731","36694.487744648744"
"2025-08-01","ethereum","sUSDS","sUSDS","non-Spark referrals","99","734285.479623964","1.0634942510924732","780908.3862407651"
"2025-08-01","ethereum","sUSDS","sUSDS","Spark referrals","128","105303.5365428793","1.0634997316836032","111990.28285868665"
"2025-08-01","ethereum","sUSDS","sUSDS","Spark referrals","183","17349.728645205698","1.0634769129339046","18451.03585984429"
"2025-08-01","ethereum","sUSDS","sUSDS","Spark referrals","186","0.01671798070422803","1.0647204933525354","0.017799976663263835"
"2025-08-01","ethereum","sUSDS","sUSDS","Spark referrals","303","0.0020224385665358097","1.0634830324959665","0.0021508290997762987"
"2025-08-01","ethereum","sUSDS","sUSDS","non-Spark referrals","1001","1635.6805508749512","1.0634458668684723","1739.4577213451128"
"2025-08-01","ethereum","sUSDS","sUSDS","non-Spark referrals","1002","4213.652577487748","1.063522932034216","4481.316143783302"
"2025-08-01","ethereum","sUSDS","sUSDS","non-Spark referrals","1007","176.60409123412964","1.065417932081543","188.15716567980652"
"2025-08-01","ethereum","sUSDS","sUSDS","non-Spark referrals","1015","0.00001470658761904255","1.063483032495967","0.000015640206398767014"
"2025-08-01","ethereum","sUSDS","sUSDS","non-Spark referrals","13425","0.0001849334033290919","1.0634830324959672","0.00019667353658222247"
"2025-08-01","optimism","sUSDS","sUSDS","non-Spark referrals","0","15873.513349968258","1.064236349443229","16893.16990040858"
"2025-08-01","optimism","sUSDS","sUSDS","non-Spark referrals","1","1.1183099836695718","1.063301461733006","1.18910064030647"
"2025-08-01","optimism","sUSDS","sUSDS","non-Spark referrals","99","0.002963582052932763","1.0648028368786777","0.003155630577285542"
"2025-08-01","optimism","sUSDS","sUSDS","Spark referrals","128","1.2757419547713011","1.0637213525857971","1.3570339576797772"
"2025-08-01","unichain","sUSDS","sUSDS","non-Spark referrals","0","15421.252420729741","1.0637584154078925","16404.487038680596"
"2025-08-01","unichain","sUSDS","sUSDS","non-Spark referrals","1","1.1393972691831638","1.0632834412379069","1.211502249314148"
"2025-08-01","unichain","sUSDS","sUSDS","non-Spark referrals","99","0.000020322821003553315","1.0634830324959672","0.000021612975309731613"
"2025-08-01","unichain","sUSDS","sUSDS","Spark referrals","128","0.3524785044097203","1.0637161013349603","0.3749370605150853"
"2025-08-01","arbitrum","sUSDC","sUSDC","Spark referrals","0","0.003165983680431303","1.0627533280589172","0.0033646596929585867"
"2025-08-01","arbitrum","sUSDC","sUSDC","Spark referrals","127","1230.8656573160324","1.0633883375147937","1308.8881850373496"
"2025-08-01","arbitrum","sUSDC","sUSDC","Spark referrals","128","10145.001368985439","1.0636415117070461","10790.644592377725"
"2025-08-01","arbitrum","sUSDC","sUSDC","Spark referrals","182","0.002311987762380105","1.0634570319249783","0.0024586996436276186"
"2025-08-01","arbitrum","sUSDC","sUSDC","Spark referrals","1004","0.1993664955323166","1.0634830324959668","0.21202288524680168"
"2025-08-01","base","sUSDC","sUSDC","Spark referrals","0","0.03150449012726034","1.0634505627717155","0.03350346775567096"
"2025-08-01","base","sUSDC","sUSDC","Spark referrals","127","85.38550183774878","1.0629959775978828","90.76444499870358"
"2025-08-01","base","sUSDC","sUSDC","Spark referrals","128","3076.684829731208","1.063042290721714","3270.6460892262103"
"2025-08-01","base","sUSDC","sUSDC","Spark referrals","182","0.13464495150363498","1.062299939085987","0.14303332378054712"
"2025-08-01","base","sUSDC","sUSDC","Spark referrals","1004","0.01729678615101783","1.0632072078355224","0.0183900677081518"
"2025-08-01","base","sUSDC","sUSDC","Spark referrals","1017","12.133337728625294","1.0634830326160984","12.903598803393752"
"2025-08-01","ethereum","sUSDC","sUSDC","Spark referrals","0","14926.173326847813","1.0631750436471579","15869.134978256468"
"2025-08-01","ethereum","sUSDC","sUSDC","Spark referrals","10","1.4121277030840601e-7","1.0640226572551181","1.5025358710190683e-7"
"2025-08-01","ethereum","sUSDC","sUSDC","Spark referrals","127","2286.7132987822706","1.0636610202020205","2432.2878002922776"
"2025-08-01","ethereum","sUSDC","sUSDC","Spark referrals","128","140496.43674841485","1.063470923791019","149413.8753781832"
"2025-08-01","ethereum","sUSDC","sUSDC","Spark referrals","186","0.0006816372187196111","1.0651245315823699","0.0007260285232978352"
"2025-08-01","ethereum","sUSDC","sUSDC","Spark referrals","188","5902.638899288623","1.0645423192239534","6283.608903390234"
"2025-08-01","ethereum","sUSDC","sUSDC","Spark referrals","190","0.0001471259718519573","1.0652506069259229","0.00015672603080986376"
"2025-08-01","ethereum","sUSDC","sUSDC","Spark referrals","1017","10.989057650825313","1.0634830324959668","11.68667635477271"
"2025-08-01","optimism","sUSDC","sUSDC","Spark referrals","127","5.867614469858561","1.0639256419639442","6.242705491641197"
"2025-08-01","optimism","sUSDC","sUSDC","Spark referrals","128","15867.645708046663","1.0642364643386004","16886.92716570915"
"2025-08-01","unichain","sUSDC","sUSDC","Spark referrals","127","9502.985233910069","1.063393874037218","10105.416282806105"
"2025-08-01","unichain","sUSDC","sUSDC","Spark referrals","128","5918.267111281448","1.064343760955605","6299.070675561161"
"2025-08-01","ethereum","USDS - Treasury","USDS - Treasury","Spark referrals","126","97969.0177208374","1","97969.0177208374"
"2025-07-01","ethereum","stakedUSDS","USDS-SPK","non-Spark referrals","0","0.0010618673974356607","1","0.0010618673974356607"
"2025-07-01","ethereum","stakedUSDS","USDS-SPK","non-Spark referrals","1","72849.96362410362","1","72849.96362410362"
"2025-07-01","ethereum","stakedUSDS","USDS-SPK","Spark referrals","127","25651.738095080123","1","25651.738095080123"
"2025-07-01","ethereum","stakedUSDS","USDS-SPK","Spark referrals","128","271238.7365251166","1","271238.7365251166"
"2025-07-01","ethereum","stakedUSDS","USDS-SPK","non-Spark referrals","1007","9730.507068834766","1","9730.507068834766"
"2025-07-01","ethereum","stakedUSDS","USDS-SKY","non-Spark referrals","0","2890.8747005740734","1","2890.8747005740734"
"2025-07-01","ethereum","stakedUSDS","USDS-SKY","non-Spark referrals","1","89079.95684317099","1","89079.95684317099"
"2025-07-01","ethereum","stakedUSDS","USDS-SKY","non-Spark referrals","99","14825.209311820325","1","14825.209311820325"
"2025-07-01","ethereum","stakedUSDS","USDS-SKY","Spark referrals","128","56042.52493422945","1","56042.52493422945"
"2025-07-01","ethereum","stakedUSDS","USDS-SKY","Spark referrals","303","2.957359684449812e-14","1","2.957359684449812e-14"
"2025-07-01","ethereum","stakedUSDS","USDS-SKY","non-Spark referrals","1001","1811.1729465751791","1","1811.1729465751791"
"2025-07-01","ethereum","stakedUSDS","USDS-SKY","non-Spark referrals","1002","9.861717683093907","1","9.861717683093907"
"2025-07-01","ethereum","stakedUSDS","USDS-SKY","non-Spark referrals","1007","11459.498213082448","1","11459.498213082448"
"2025-07-01","ethereum","stakedUSDS","USDS-SKY","non-Spark referrals","1016","76.64164323675116","1","76.64164323675116"
"2025-07-01","arbitrum","sUSDS","sUSDS","non-Spark referrals","0","7084.73256356755","1.0596984772117368","7507.680309064936"
"2025-07-01","arbitrum","sUSDS","sUSDS","non-Spark referrals","1","558.6445383007481","1.0593110048485193","591.7783072205026"
"2025-07-01","arbitrum","sUSDS","sUSDS","non-Spark referrals","99","1888.543226477782","1.0593436564817462","2000.616286960808"
"2025-07-01","arbitrum","sUSDS","sUSDS","Spark referrals","128","1053.237723958118","1.0593356727892291","1115.7322929161694"
"2025-07-01","arbitrum","sUSDS","sUSDS","Spark referrals","171","0.0002912291717654869","1.0595036798235389","0.00030855837915749485"
"2025-07-01","arbitrum","sUSDS","sUSDS","non-Spark referrals","3333","0.00012153579217746723","1.0594689930315777","0.0001287634033555563"
"2025-07-01","arbitrum","sUSDS","sUSDS","non-Spark referrals","123623963915635","0.005019491773092881","1.059924790822505","0.005320283767630756"
"2025-07-01","arbitrum","sUSDS","sUSDS","non-Spark referrals","90000000000000000000","0.004363649074588266","1.059427182533197","0.0046229684446546385"
"2025-07-01","base","sUSDS","sUSDS","non-Spark referrals","0","5561.063658522354","1.0593682503001656","5891.2142777366635"
"2025-07-01","base","sUSDS","sUSDS","non-Spark referrals","1","731.8315697220412","1.0592005482434872","775.1563998714779"
"2025-07-01","base","sUSDS","sUSDS","non-Spark referrals","99","6368.12518833032","1.0593673882349712","6746.184148714826"
"2025-07-01","base","sUSDS","sUSDS","Spark referrals","128","5016.319618103347","1.05912622077815","5312.915639337091"
"2025-07-01","base","sUSDS","sUSDS","Spark referrals","170","0.000015145780374004696","1.0594270522879923","0.00001604584945623312"
"2025-07-01","base","sUSDS","sUSDS","Spark referrals","171","0.00015471875782657892","1.0594270522879923","0.00016391323753787225"
"2025-07-01","base","sUSDS","sUSDS","non-Spark referrals","1015","0.000071206592161725","1.0594270522879925","0.0000754381900373696"
"2025-07-01","base","sUSDS","sUSDS","non-Spark referrals","1017","2.198242628493087","1.0594270347296528","2.328877669520749"
"2025-07-01","base","sUSDS","sUSDS","non-Spark referrals","3333","0.5335049943346177","1.0594768588506756","0.5652361955787882"
"2025-07-01","base","sUSDS","sUSDS","non-Spark referrals","9998","0.0061111020654243476","1.0597543368844966","0.006476266916977258"
"2025-07-01","base","sUSDS","sUSDS","non-Spark referrals","123623963915635","0.005341693507833567","1.060074710266739","0.005662594197650388"
"2025-07-01","ethereum","sUSDS","sUSDS","non-Spark referrals","0","4193.015648493176","1.0593848815980158","4442.0173863175705"
"2025-07-01","ethereum","sUSDS","sUSDS","non-Spark referrals","1","35447.06849180206","1.0593441801864087","37550.64571145954"
"2025-07-01","ethereum","sUSDS","sUSDS","non-Spark referrals","99","816685.008032373","1.0592837761552225","865101.1792378904"
"2025-07-01","ethereum","sUSDS","sUSDS","Spark referrals","128","99239.05418218198","1.059190604126798","105113.07375219736"
"2025-07-01","ethereum","sUSDS","sUSDS","Spark referrals","183","6641.769909249994","1.0605849769723332","7044.161386257441"
"2025-07-01","ethereum","sUSDS","sUSDS","Spark referrals","186","0.00003080509469140261","1.060980832739593","0.000032683615018306355"
"2025-07-01","ethereum","sUSDS","sUSDS","Spark referrals","303","0.0020224385665358097","1.0594270522879923","0.0021426261289785855"
"2025-07-01","ethereum","sUSDS","sUSDS","non-Spark referrals","1001","1807.3982871467788","1.0593935886580506","1914.7461575548396"
"2025-07-01","ethereum","sUSDS","sUSDS","non-Spark referrals","1002","2712.0277059943796","1.0596340001829592","2873.7567667098388"
"2025-07-01","ethereum","sUSDS","sUSDS","non-Spark referrals","1007","606.3747060890104","1.0580144845969737","641.5532221354057"
"2025-07-01","ethereum","sUSDS","sUSDS","non-Spark referrals","1015","0.000014706587619042547","1.0594270522879925","0.00001558055677045733"
"2025-07-01","ethereum","sUSDS","sUSDS","non-Spark referrals","13425","0.00018493340332909189","1.0594270522879925","0.00019592345035852624"
"2025-07-01","optimism","sUSDS","sUSDS","non-Spark referrals","0","9708.42658007701","1.0590813706399438","10282.01372918522"
"2025-07-01","optimism","sUSDS","sUSDS","non-Spark referrals","1","2.1544421906401836","1.0592827317374325","2.282163409071712"
"2025-07-01","optimism","sUSDS","sUSDS","non-Spark referrals","99","0.0011329776567915724","1.0582848551443453","0.001199013095399449"
"2025-07-01","optimism","sUSDS","sUSDS","Spark referrals","128","0.9168548978155036","1.0594723596967626","0.9713824220881258"
"2025-07-01","unichain","sUSDS","sUSDS","non-Spark referrals","0","13358.100594707486","1.0592631469760736","14149.743673572813"
"2025-07-01","unichain","sUSDS","sUSDS","non-Spark referrals","1","5.574360595571969","1.0588785103570244","5.902570643632142"
"2025-07-01","unichain","sUSDS","sUSDS","non-Spark referrals","99","0.000020322821003553312","1.0594270522879925","0.000021530546349970987"
"2025-07-01","unichain","sUSDS","sUSDS","Spark referrals","128","984.9031372931186","1.0593146235228654","1043.322296088149"
"2025-07-01","arbitrum","sUSDC","sUSDC","Spark referrals","0","0.0009780616355821396","1.060547231632787","0.0010372805599828739"
"2025-07-01","arbitrum","sUSDC","sUSDC","Spark referrals","127","516.0597447359144","1.0598523641381876","546.9471404949085"
"2025-07-01","arbitrum","sUSDC","sUSDC","Spark referrals","128","6468.447190193993","1.059688156388787","6854.536877674903"
"2025-07-01","arbitrum","sUSDC","sUSDC","Spark referrals","182","0.006764536163929416","1.0590585440814773","0.007164039821157589"
"2025-07-01","arbitrum","sUSDC","sUSDC","Spark referrals","1004","0.9761811223043804","1.0584954892935692","1.0332833146927205"
"2025-07-01","arbitrum","sUSDC","sUSDC","Spark referrals","1017","0.00044924520042480753","1.0592956048861097","0.00047588346632617805"
"2025-07-01","base","sUSDC","sUSDC","Spark referrals","0","0.047466841592477486","1.0600182820672348","0.050315719880015555"
"2025-07-01","base","sUSDC","sUSDC","Spark referrals","127","166.30953897376986","1.0593889672969061","176.1864907450466"
"2025-07-01","base","sUSDC","sUSDC","Spark referrals","128","5295.456770088057","1.0593729219736332","5609.863511713243"
"2025-07-01","base","sUSDC","sUSDC","Spark referrals","182","1.9729538843021837","1.0587465014328927","2.088858022493373"
"2025-07-01","base","sUSDC","sUSDC","Spark referrals","1004","0.11027144339847694","1.0584819969093324","0.1167203376104943"
"2025-07-01","base","sUSDC","sUSDC","Spark referrals","1017","90.8955694710061","1.0590871254853556","96.2663273904023"
"2025-07-01","ethereum","sUSDC","sUSDC","Spark referrals","0","8680.499623527758","1.059719598503246","9198.895575852413"
"2025-07-01","ethereum","sUSDC","sUSDC","Spark referrals","127","3083.574999385069","1.059304466597261","3266.44476993625"
"2025-07-01","ethereum","sUSDC","sUSDC","Spark referrals","128","121322.41239636732","1.0594948337995973","128540.46915805539"
"2025-07-01","ethereum","sUSDC","sUSDC","Spark referrals","1017","10.986422565752743","1.0594271463180756","11.639314307079939"
"2025-07-01","optimism","sUSDC","sUSDC","Spark referrals","127","118.86610987878841","1.057558361906565","125.70784844961723"
"2025-07-01","optimism","sUSDC","sUSDC","Spark referrals","128","9589.560470198321","1.0591002488903087","10156.305880735708"
"2025-07-01","unichain","sUSDC","sUSDC","Spark referrals","127","12006.928354401327","1.0592452103266299","12718.28135013461"
"2025-07-01","unichain","sUSDC","sUSDC","Spark referrals","128","1351.171948961294","1.0594225378064337","1431.4620151814393"
"2025-07-01","unichain","sUSDC","sUSDC","Spark referrals","1017","0.00025061660633897344","1.0576572985646904","0.0002650664828359291"
"2025-07-01","ethereum","USDS - Treasury","USDS - Treasury","Spark referrals","126","84785.89752048961","1","84785.89752048961"
